"","peiid","pedon_id","siteiid","site_id","obs_date","utmzone","utmeasting","utmnorthing","x","y","horizdatnm","x_std","y_std","gpspositionalerror","describer","pedonpurpose","pedontype","pedlabsampnum","labdatadescflag","tsectstopnum","tsectinterval","utransectid","tsectkind","tsectselmeth","elev_field","slope_field","aspect_field","plantassocnm","earthcovkind1","earthcovkind2","erocl","bedrckdepth","bedrckkind","bedrckhardness","hillslopeprof","geomslopeseg","shapeacross","shapedown","slopecomplex","drainagecl","geomposhill","geomposmntn","geomposflats","slope_shape","classdate","classifier","classtype","taxonname","localphase","taxonkind","seriesstatus","taxpartsize","taxorder","taxsuborder","taxgrtgroup","taxsubgrp","soiltaxedition","osdtypelocflag","taxmoistcl","taxtempregime","taxfamother","psctopdepth","pscbotdepth","selection_method","ecositeid","ecositenm","ecositecorrdate","es_classifier","es_selection_method","ochric.epipedon","argillic.horizon","paralithic.contact","lithic.contact","cambic.horizon","paralithic.materials","surface_fgravel","surface_gravel","surface_cobbles","surface_stones","surface_boulders","surface_channers","surface_flagstones","surface_paragravel","surface_paracobbles","landform_string","pmkind","pmorigin"
"1","115595","300J",114622,"300J",1999-06-21,10,634515,4367113,-121.436798095703,39.4449653625488,"NAD83",-121.4367972,39.4449639,NA,"Felix J. Panlasigui Jr.","full pedon description","representative pedon for component","01N0263",0,NA,NA,NA,NA,NA,201,8,152,NA,NA,NA,NA,74,"metavolcanics",NA,NA,NA,"concave",NA,NA,NA,NA,NA,NA,NA,2012-07-24 00:02:22,NA,"correlated","LOAFERCREEK",NA,"series",NA,"fine-loamy","alfisols","xeralfs","haploxeralfs","ultic haploxeralfs","eighth edition",0,"xeric","thermic",NA,10,61,"most recent",NA,NA,NA,NA,NA,TRUE,TRUE,TRUE,FALSE,FALSE,FALSE,0,0,0,0,0,0,0,0,0,NA,"residuum","metavolcanics"
"2","115819","S2000CA007009",159118,"300J",1999-06-21,10,634515,4367113,-121.436798095703,39.4449653625488,"NAD83",-121.436798095703,39.4449653625488,NA,"Felix Panlasigui","full pedon description","representative pedon for component","01N0263",0,NA,NA,NA,NA,NA,201,8,152,NA,NA,NA,NA,74,"metavolcanics",NA,NA,NA,"concave",NA,NA,NA,NA,NA,NA,NA,2011-07-03 05:18:06,NA,"correlated","LOAFERCREEK",NA,"series",NA,"fine-loamy","alfisols","xeralfs","haploxeralfs","typic haploxeralfs","eighth edition",0,"xeric","thermic",NA,10,61,"most recent",NA,NA,NA,NA,NA,TRUE,TRUE,TRUE,FALSE,FALSE,FALSE,0,0,0,0,0,0,0,0,0,NA,"residuum","metavolcanics"
"3","115827","S2000CA007012",159056,"716Q",1999-08-04,10,633987,4375530,-121.441246032715,39.5189666748047,"NAD83",-121.441246032715,39.5189666748047,NA,"DWB","full pedon description","OSD pedon","01N0266",0,NA,NA,NA,NA,NA,365,18,290,NA,NA,NA,NA,107,"metavolcanics",NA,NA,NA,NA,NA,NA,"well",NA,NA,NA,NA,2011-07-03 05:18:06,NA,"correlated","Loafercreek",NA,"series",NA,"fine-loamy","alfisols","xeralfs","haploxeralfs","ultic haploxeralfs","ninth edition",0,"xeric","thermic","not used",15,65,"most recent",NA,NA,NA,NA,NA,TRUE,TRUE,TRUE,TRUE,FALSE,FALSE,0,0,0,0,0,0,0,0,0,NA,"residuum","metavolcanics"
"4","1193371","2017CA6306054N",1231724,"2017CA6306054N",2017-06-16,NA,NA,NA,NA,NA,NA,-120.45466,37.922821,NA,"Andrew Brown",NA,NA,NA,0,NA,NA,NA,NA,NA,422,NA,NA,NA,NA,NA,NA,80,"greenstone","moderately",NA,NA,NA,NA,NA,NA,"side slope",NA,NA,NA,2017-06-16 00:00:00,"Andrew Brown","field","Loafercreek",NA,"series",NA,NA,NA,NA,NA,NA,NA,0,NA,NA,NA,NA,NA,"single record",NA,NA,NA,NA,NA,NA,NA,NA,NA,NA,NA,0,0,0,0,0,0,0,0,0,NA,NA,NA
"5","207242","S2007CA109005",254459,"06-SMM-007",2006-10-03,10,729321,4204365,-120.389778137207,37.9579467773438,"NAD83",-120.3897781,37.957943,NA,"Sue Malone","laboratory sampling site","taxadjunct to the series","07N0474",1,NA,NA,NA,NA,NA,536,45,120,"Interior Live Oak - Chaparral",NA,NA,NA,99,"siltstone, unspecified","moderately","backslope",NA,"concave","linear","simple","well","side slope",NA,NA,"concave / linear",2015-12-28 00:00:00,"Andrew Paolucci","correlated","Millvilla",NA,"taxadjunct","tentative","coarse-loamy","inceptisols","xerepts","haploxerepts","typic haploxerepts","twelfth edition",0,"xeric","thermic",NA,25,99,"most recent",NA,NA,NA,NA,NA,TRUE,FALSE,TRUE,FALSE,TRUE,FALSE,0,0,0,0,0,0,0,0,0,"hillslope","colluvium & colluvium & residuum & residuum","siltstone, unspecified & argillite"
"6","207255","06JCR007",209260,"06CA630JCR007",2006-10-26,10,714162,4189373,-120.566612243652,37.8266639709473,"NAD83",-120.5666122,37.826664,NA,"John Rule","soil survey inventory","correlates to named soil",NA,0,1,30,NA,NA,NA,408,25,145,"Blue Oak Woodland",NA,NA,NA,73,"greenstone","strongly","backslope",NA,"linear","linear",NA,"well","side slope",NA,NA,"linear / linear",2017-04-11 00:00:00,NA,"correlated","Loafercreek",NA,"series",NA,"fine-loamy","alfisols","xeralfs","haploxeralfs","ultic haploxeralfs","twelfth edition",0,"xeric","thermic","not used",13,63,"most recent","F018XI200CA","Low Elevation Foothills 18-25"" PZ",2017-04-12,NA,"least missing data",TRUE,TRUE,TRUE,FALSE,FALSE,FALSE,0,5,0,0,0,0,0,0,0,"hillslope","colluvium & residuum","greenstone"
"7","268820","07SKC003",269617,"07CA630SKC003",2007-03-21,10,723611.85,4182338.27,-120.461387634277,37.7611122131348,"NAD83",-120.4613876,37.7611122,NA,"Stacy Kavanaugh","soil survey inventory","correlates to named soil",NA,0,NA,NA,NA,NA,NA,328,9,344,"Blue Oak Woodland",NA,NA,NA,64,"greenstone","weakly","backslope",NA,"concave","convex","simple","well","side slope",NA,NA,"concave / convex",2012-02-08 00:00:00,NA,"correlated","Loafercreek",NA,"series",NA,"fine-loamy","alfisols","xeralfs","haploxeralfs","ultic haploxeralfs","tenth edition",0,"xeric","thermic",NA,23,64,"most recent",NA,NA,NA,NA,NA,TRUE,TRUE,TRUE,FALSE,FALSE,FALSE,0,0,0,0,0,0,0,0,0,"hill","residuum","greenstone"
"8","307574","08AMS011",307647,"08CA630AMS011",2008-04-21,10,715404.75,4183592.1,-120.554168701172,37.7744445800781,"NAD83",-120.5541687,37.7744446,NA,"Alison Steglich","soil survey inventory","correlates to named soil",NA,0,NA,NA,NA,NA,NA,150,NA,NA,NA,NA,NA,NA,NA,NA,NA,NA,NA,NA,NA,NA,NA,NA,NA,NA,NA,2013-09-05 00:00:00,NA,"correlated","Loafercreek",NA,"series",NA,"fine-loamy","alfisols","xeralfs","haploxeralfs","ultic haploxeralfs","eleventh edition",0,"xeric","thermic",NA,NA,NA,"most recent",NA,NA,NA,NA,NA,NA,NA,NA,NA,NA,NA,0,0,0,0,0,0,0,0,0,NA,NA,NA
"9","307957","06SMM013",308029,"06CA630SMM013",2006-08-19,10,716457.09,4189088.35,-120.540557861328,37.8236083984375,"NAD83",-120.5405579,37.8236084,NA,"Sue Malone","soil survey inventory","correlates to named soil",NA,0,NA,NA,NA,NA,NA,280,5,90,NA,NA,NA,NA,NA,"greenstone","moderately","toeslope","lower third","linear","convex","simple","well","interfluve",NA,NA,"linear / convex",2016-01-14 00:00:00,"Andrew Paolucci","correlated","Loafercreek",NA,"series","established","fine-loamy","alfisols","xeralfs","haploxeralfs","ultic haploxeralfs","twelfth edition",0,"xeric","thermic",NA,30,58,"most recent",NA,NA,NA,NA,NA,TRUE,TRUE,TRUE,FALSE,FALSE,FALSE,0,0,0,0,0,0,0,0,0,"hillslope","residuum & residuum","greenstone & metavolcanics"
"10","307961","07SKC016",308033,"07CA630SKC016",2007-05-09,10,723346.62,4181715.43,-120.464721679688,37.7555541992188,"NAD83",-120.4647217,37.7555542,NA,"Stacy Kavanaugh","soil survey inventory","correlates to named soil",NA,0,NA,NA,NA,NA,NA,320,3,238,NA,NA,NA,NA,NA,"greenstone","very strongly","footslope",NA,NA,NA,NA,NA,NA,NA,NA,NA,2016-01-19 00:00:00,"Andrew Paolucci","correlated","Loafercreek",NA,"series","tentative","fine-loamy","alfisols","xeralfs","haploxeralfs","ultic haploxeralfs","twelfth edition",0,"xeric","thermic",NA,28,61,"most recent",NA,NA,NA,NA,NA,TRUE,TRUE,TRUE,FALSE,TRUE,FALSE,0,0,0,0,0,0,0,0,0,NA,NA,NA
"11","307963","07SKC014",308035,"07CA630SKC014",2007-05-10,10,723204.32,4181973.09,-120.466110229492,37.7577781677246,"NAD83",-120.4661102,37.7577782,NA,"Stacy Kavanaugh","soil survey inventory","correlates to named soil",NA,0,NA,NA,NA,NA,NA,281,2,190,NA,NA,NA,NA,NA,NA,NA,NA,NA,"linear","concave",NA,NA,NA,NA,NA,"linear / concave",2016-01-19 00:00:00,"Andrew Paolucci","correlated","Loafercreek",NA,"series","tentative","fine-loamy","alfisols","xeralfs","haploxeralfs","ultic haploxeralfs","twelfth edition",0,"xeric","thermic",NA,46,86,"most recent",NA,NA,NA,NA,NA,TRUE,TRUE,TRUE,FALSE,TRUE,FALSE,0,0,0,0,0,0,0,0,0,NA,"residuum","greenstone"
"12","338021","07RJV086",337974,"07CA630RJV086",2007-09-11,10,734621.29,4182315.15,-120.336669921875,37.758056640625,"NAD83",-120.3366699,37.7580566,NA,"Bob Vobora","soil survey inventory","correlates to named soil",NA,0,NA,NA,NA,NA,NA,373,21,55,"Interior Live Oak - Chapparal",NA,NA,NA,66,"metavolcanics","indurated","backslope",NA,"linear","convex","simple","well","side slope",NA,NA,"linear / convex",2017-03-15 00:00:00,"Julie Baker","correlated","Loafercreek",NA,"series","established","fine-loamy","alfisols","xeralfs","haploxeralfs","ultic haploxeralfs","twelfth edition",0,"xeric","thermic",NA,13,51,"most recent",NA,NA,NA,NA,NA,TRUE,TRUE,FALSE,TRUE,FALSE,FALSE,0,0,0,0,0,0,0,0,0,"hillslope","colluvium & residuum","NA & metavolcanics"
"13","338022","07RJV089",337975,"07CA630RJV089",2007-09-12,10,735183.78,4182065.02,-120.330276489258,37.7555541992188,"NAD83",-120.3302765,37.7555542,NA,"Bob Vobora","soil survey inventory","representative pedon for component",NA,0,NA,NA,NA,NA,NA,327,42,90,"Interior Live Oak - Chapparal",NA,NA,NA,89,"metavolcanics","indurated","backslope",NA,"convex","convex","simple","well","side slope",NA,NA,"convex / convex",2017-03-15 00:00:00,"Julie Baker","correlated","Loafercreek",NA,"series","established","fine-loamy","alfisols","xeralfs","haploxeralfs","ultic haploxeralfs","twelfth edition",0,"xeric","thermic",NA,18,68,"most recent","F018XI201CA","Moderately Deep Thermic Foothills 22-31"" PZ",2016-05-04,"David Evans","least missing data",TRUE,TRUE,FALSE,TRUE,FALSE,FALSE,0,0,1,0,1,0,0,0,0,"hillslope","colluvium & residuum","NA & metavolcanics"
"14","338023","07RJV096",337976,"07CA630RJV096",2007-07-25,10,729253.45,4186874.97,-120.396110534668,37.8005561828613,"NAD83",-120.3961105,37.8005562,NA,"Bob Vobora","soil survey inventory","correlates to named soil",NA,0,NA,NA,NA,NA,NA,304,28,40,"Interior Live Oak - Chapparal",NA,NA,NA,66,"metavolcanics","indurated","backslope",NA,"convex","convex","simple","well","side slope",NA,NA,"convex / convex",2019-01-15 00:00:00,"Andrew Brown","correlated","Gopheridge",NA,"series","established","loamy-skeletal","alfisols","xeralfs","haploxeralfs","ultic haploxeralfs","twelfth edition",0,"xeric","thermic","not used",15,48,"most recent",NA,NA,NA,NA,NA,TRUE,TRUE,FALSE,TRUE,FALSE,FALSE,0,0,0,0,0,0,0,0,0,"hillslope","colluvium & residuum","NA & metavolcanics"
"15","338024","07RJV105",337977,"07CA630RJV105",2007-10-03,10,733038.74,4173728.97,-120.357223510742,37.6811103820801,"NAD83",-120.3572235,37.6811104,NA,"Bob Vobora","soil survey inventory","correlates to named soil",NA,0,NA,NA,NA,NA,NA,290,27,35,"Blue Oak Woodland",NA,NA,NA,66,"metavolcanics","indurated","backslope",NA,"convex","convex","simple","well","side slope",NA,NA,"convex / convex",2017-03-15 00:00:00,"Julie Baker","correlated","Loafercreek",NA,"series","established","fine-loamy","alfisols","xeralfs","haploxeralfs","ultic haploxeralfs","twelfth edition",0,"xeric","thermic",NA,18,66,"most recent","F018XI201CA","Moderately Deep Thermic Foothills 22-31"" PZ",2016-05-17,"David Evans","least missing data",TRUE,TRUE,FALSE,TRUE,FALSE,FALSE,0,0,0,0,0,0,0,0,0,"hillslope","colluvium & residuum","NA & metavolcanics"
"16","338025","07RJV109",337978,"07CA630RJV109",2007-07-03,10,741302.19,4181486,-120.261108398438,37.7488899230957,"NAD83",-120.2611084,37.7488899,NA,"Bob Vobora","soil survey inventory","correlates to named soil",NA,0,NA,NA,NA,NA,NA,704,36,285,"Chaparral - Chamise",NA,NA,NA,74,"metavolcanics","indurated","backslope",NA,"convex","convex","complex","well","side slope",NA,NA,"convex / convex",2017-03-15 00:00:00,"Julie Baker","correlated","Loafercreek",NA,"series","established","fine-loamy","alfisols","xeralfs","haploxeralfs","ultic haploxeralfs","twelfth edition",0,"xeric","thermic",NA,18,68,"most recent",NA,NA,NA,NA,NA,TRUE,TRUE,FALSE,TRUE,FALSE,FALSE,0,0,0,0,0,0,0,0,0,"hillslope","colluvium & residuum","NA & metavolcanics"
"17","338026","07RJV110",337979,"07CA630RJV110",2007-07-12,10,739260.36,4181090.63,-120.284446716309,37.7458343505859,"NAD83",-120.2844467,37.7458344,NA,"Bob Vobora","soil survey inventory","taxadjunct to the series",NA,0,NA,NA,NA,NA,NA,875,8,110,"Interior Live Oak - Chapparal",NA,NA,NA,61,"metavolcanics","indurated","summit",NA,"convex","convex","simple","well","interfluve",NA,NA,"convex / convex",2017-03-15 00:00:00,"Julie Baker","correlated","Loafercreek",NA,"taxadjunct","established","fine","alfisols","xeralfs","haploxeralfs","ultic haploxeralfs","twelfth edition",0,"xeric","thermic",NA,15,61,"most recent",NA,NA,NA,NA,NA,TRUE,TRUE,FALSE,TRUE,FALSE,FALSE,0,0,0,0,5,0,0,0,0,"ridge","colluvium & residuum","NA & metavolcanics"
"18","338027","07RJV111",337980,"07CA630RJV111",2007-07-30,10,732116.76,4186393.33,-120.363883972168,37.7955551147461,"NAD83",-120.363884,37.7955551,NA,"Bob Vobora","soil survey inventory","correlates to named soil",NA,0,NA,NA,NA,NA,NA,360,44,190,"Interior Live Oak - Chapparal",NA,NA,NA,66,"metavolcanics","indurated","backslope",NA,"convex","convex","complex","well","side slope",NA,NA,"convex / convex",2017-03-15 00:00:00,"Julie Baker","correlated","Loafercreek",NA,"series","established","fine-loamy","alfisols","xeralfs","haploxeralfs","ultic haploxeralfs","twelfth edition",0,"xeric","thermic",NA,12,53,"most recent",NA,NA,NA,NA,NA,TRUE,TRUE,FALSE,TRUE,FALSE,FALSE,0,0,5,0,10,0,0,0,0,"hillslope","colluvium & residuum","NA & metavolcanics"
"19","338028","07RJV115",337981,"07CA630RJV115",2007-09-07,10,734612.24,4184383.19,-120.336112976074,37.7766647338867,"NAD83",-120.336113,37.7766647,NA,"Bob Vobora","soil survey inventory","correlates to named soil",NA,0,NA,NA,NA,NA,NA,481,12,220,"Blue Oak Woodland",NA,NA,NA,61,"metavolcanics","indurated","backslope",NA,"convex","convex","complex","well","side slope",NA,NA,"convex / convex",2017-03-15 00:00:00,"Julie Baker","correlated","Loafercreek",NA,"series","established","fine-loamy","alfisols","xeralfs","haploxeralfs","ultic haploxeralfs","twelfth edition",0,"xeric","thermic",NA,15,61,"most recent",NA,NA,NA,NA,NA,TRUE,TRUE,FALSE,TRUE,FALSE,FALSE,0,0,0,0,12,0,0,0,0,"hillslope","colluvium & residuum","NA & metavolcanics"
"20","338029","07RJV119",337982,"07CA630RJV119",2007-08-13,10,731649.3,4188692.6,-120.36833190918,37.8163871765137,"NAD83",-120.3683319,37.8163872,NA,"Bob Vobora","soil survey inventory","correlates to named soil",NA,0,NA,NA,NA,NA,NA,589,27,135,"Blue Oak Woodland",NA,NA,NA,63,"metavolcanics","indurated","backslope",NA,"convex","convex","simple","well","side slope",NA,NA,"convex / convex",2017-03-15 00:00:00,"Julie Baker","correlated","Loafercreek",NA,"series","established","fine-loamy","alfisols","xeralfs","haploxeralfs","ultic haploxeralfs","twelfth edition",0,"xeric","thermic",NA,23,51,"most recent",NA,NA,NA,NA,NA,TRUE,TRUE,FALSE,TRUE,FALSE,FALSE,0,0,0,0,0,0,0,0,0,"hillslope","colluvium & residuum","NA & metavolcanics"
"21","338040","07RJV127",337983,"07CA630RJV127",2007-08-08,10,732437.59,4189010.7,-120.359161376953,37.8188896179199,"NAD83",-120.3591614,37.8188896,NA,"Bob Vobora","soil survey inventory","correlates to named soil",NA,0,NA,NA,NA,NA,NA,698,44,95,"Blue Oak Woodland",NA,NA,NA,81,"metavolcanics","indurated",NA,NA,"convex","convex","complex","well","side slope",NA,NA,"convex / convex",2017-03-15 00:00:00,"Julie Baker","correlated","Loafercreek",NA,"series","established","fine-loamy","alfisols","xeralfs","haploxeralfs","ultic haploxeralfs","twelfth edition",0,"xeric","thermic",NA,23,63,"most recent","F018XI201CA","Moderately Deep Thermic Foothills 22-31"" PZ",2016-05-05,"David Evans","least missing data",TRUE,TRUE,FALSE,TRUE,FALSE,FALSE,0,0,0,0,0,0,0,0,0,"hillslope","colluvium & residuum","NA & metavolcanics"
"22","338041","07RJV132",337984,"07CA630RJV132",2007-09-06,10,734106.21,4183890.76,-120.341949462891,37.7724990844727,"NAD83",-120.3419495,37.7724991,NA,"Bob Vobora","soil survey inventory","representative pedon for component",NA,0,NA,NA,NA,NA,NA,367,57,190,"Interior Live Oak - Chapparal",NA,NA,NA,61,"metavolcanics","indurated","backslope",NA,"convex","convex","complex","well","side slope",NA,NA,"convex / convex",2017-03-15 00:00:00,"Julie Baker","correlated","Loafercreek",NA,"series","established","fine-loamy","alfisols","xeralfs","haploxeralfs","ultic haploxeralfs","twelfth edition",0,"xeric","thermic",NA,13,51,"most recent",NA,NA,NA,NA,NA,TRUE,TRUE,FALSE,TRUE,FALSE,FALSE,0,0,0,0,0,0,0,0,0,"hillslope","colluvium & residuum","NA & metavolcanics"
"23","338042","07RJV135",337985,"07CA630RJV135",2007-07-30,10,732217.92,4186633.84,-120.362495422363,37.7975006103516,"NAD83",-120.3624954,37.7975006,NA,"Bob Vobora","soil survey inventory","correlates to named soil",NA,0,NA,NA,NA,NA,NA,407,7,170,"Interior Live Oak/chaparral",NA,NA,NA,69,"metavolcanics","indurated","summit",NA,"convex","linear","simple","excessively","interfluve",NA,NA,"convex / linear",2017-03-15 00:00:00,"Julie Baker","correlated","Loafercreek",NA,"series","established","fine-loamy","alfisols","xeralfs","haploxeralfs","ultic haploxeralfs","twelfth edition",0,"xeric","thermic",NA,13,58,"most recent",NA,NA,NA,NA,NA,TRUE,TRUE,FALSE,TRUE,FALSE,FALSE,0,0,0,0,0,0,0,0,0,"ridge","colluvium & residuum","NA & metavolcanics"
"24","338043","07RJV136",337986,"07CA630RJV136",2007-08-23,10,740111.3,4182203.4,-120.274436950684,37.7555541992188,"NAD83",-120.274437,37.7555542,NA,"Bob Vobora","soil survey inventory","correlates to named soil",NA,0,NA,NA,NA,NA,NA,745,4,330,"Chaparral",NA,NA,NA,58,"metavolcanics","indurated","summit",NA,"convex","convex","complex","well","interfluve",NA,NA,"convex / convex",2017-03-15 00:00:00,"Julie Baker","correlated","Loafercreek",NA,"series","established","fine-loamy","alfisols","xeralfs","haploxeralfs","ultic haploxeralfs","twelfth edition",0,"xeric","thermic",NA,12,58,"most recent",NA,NA,NA,NA,NA,TRUE,TRUE,FALSE,TRUE,FALSE,FALSE,0,0,0,0,0,0,0,0,0,"ridge","colluvium & residuum","NA & metavolcanics"
"25","338044","07RJV137",337987,"07CA630RJV137",2007-09-14,10,736784.71,4180525.14,-120.312782287598,37.7413902282715,"NAD83",-120.3127823,37.7413902,NA,"Bob Vobora","soil survey inventory","correlates to named soil",NA,0,NA,NA,NA,NA,NA,417,7,305,"Interior Live Oak - Chapparal",NA,NA,NA,58,"metavolcanics","indurated","summit",NA,"convex","convex","simple","well","interfluve",NA,NA,"convex / convex",2017-03-15 00:00:00,"Julie Baker","correlated","Loafercreek",NA,"series","established","fine-loamy","alfisols","xeralfs","haploxeralfs","ultic haploxeralfs","twelfth edition",0,"xeric","thermic",NA,15,58,"most recent","F018XI201CA","Moderately Deep Thermic Foothills 22-31"" PZ",NA,"David Evans","least missing data",TRUE,TRUE,FALSE,TRUE,FALSE,FALSE,0,0,0,0,0,0,0,0,0,"ridge","colluvium & residuum","NA & metavolcanics"
"26","338045","07RJV138N",337988,"07CA630RJV138",2007-09-14,10,736638.78,4181429.1,-120.314170837402,37.7497215270996,"NAD83",-120.3141708,37.7497215,NA,"Bob Vobora","soil survey inventory","correlates to named soil",NA,0,NA,NA,NA,NA,NA,502,6,160,"Interior Live Oak - Chapparal",NA,NA,NA,76,"metavolcanics","indurated","summit",NA,"convex","convex","complex","well","interfluve",NA,NA,"convex / convex",2017-03-15 00:00:00,"Julie Baker","correlated","Loafercreek",NA,"series","established","fine-loamy","alfisols","xeralfs","haploxeralfs","ultic haploxeralfs","twelfth edition",0,"xeric","thermic",NA,15,65,"most recent",NA,NA,NA,NA,NA,TRUE,TRUE,FALSE,TRUE,FALSE,FALSE,0,0,0,0,0,0,0,0,0,"ridge","colluvium & residuum","NA & metavolcanics"
"27","338046","07RJV139",337989,"07CA630RJV139",2007-08-16,10,737556.74,4186558.57,-120.301948547363,37.7955551147461,"NAD83",-120.3019485,37.7955551,NA,"Bob Vobora","soil survey inventory","correlates to named soil",NA,0,NA,NA,NA,NA,NA,580,7,115,"Blue Oak Woodland",NA,NA,NA,NA,NA,NA,"summit",NA,"convex","linear","simple","well","interfluve",NA,NA,"convex / linear",2017-03-15 00:00:00,"Julie Baker","correlated","Loafercreek",NA,"series","established","fine-loamy","alfisols","xeralfs","haploxeralfs","ultic haploxeralfs","twelfth edition",0,"xeric","thermic",NA,15,65,"most recent",NA,NA,NA,NA,NA,TRUE,TRUE,FALSE,TRUE,FALSE,FALSE,0,0,0,0,0,0,0,0,0,"ridge","colluvium & residuum","NA & metavolcanics"
"28","342445","S09CA009002",346944,"S2009CA630CKS001",2009-03-23,10,713136.19,4200626.04,-120.574996948242,37.9283294677734,"NAD83",-120.5749969,37.9283333,NA,"Chris Savastio","laboratory sampling site","correlates to named soil","09N0866",1,NA,NA,NA,NA,NA,1014,22,220,"Blue Oak Woodland",NA,NA,NA,110,"greenstone","indurated","backslope",NA,"linear","linear","simple","well","side slope",NA,NA,"linear / linear",2015-12-24 00:00:00,"Andrew Paolucci","correlated","Loafercreek",NA,"series","tentative","fine-loamy","alfisols","xeralfs","haploxeralfs","ultic haploxeralfs","twelfth edition",0,"xeric","thermic",NA,9,59,"most recent",NA,NA,NA,NA,NA,TRUE,TRUE,FALSE,TRUE,FALSE,TRUE,0,0,0,0,0,0,0,0,0,"hillslope","colluvium & residuum","NA & greenstone"
"29","346008","S09CA009002",346944,"S2009CA630CKS001",2009-03-23,10,713136.19,4200626.04,-120.574996948242,37.9283294677734,"NAD83",-120.5749969,37.9283333,NA,"Chris Savastio","full pedon description","taxadjunct to the series","09N0866",0,NA,NA,NA,NA,NA,1014,22,220,"Blue Oak Woodland",NA,NA,NA,110,"greenstone","indurated","backslope",NA,"linear","linear","simple","well","side slope",NA,NA,"linear / linear",2009-03-23 00:00:00,NA,"sampled as","Loafercreek",NA,NA,NA,"fine-loamy","alfisols","xeralfs","haploxeralfs","ultic haploxeralfs","tenth edition",0,"xeric","thermic","not used",9,59,"single record",NA,NA,NA,NA,NA,TRUE,TRUE,TRUE,TRUE,FALSE,FALSE,0,0,0,0,0,0,0,0,0,"hillslope","colluvium & residuum","NA & greenstone"
"30","351695","07RJV114",352183,"07CA630RJV114",2007-09-06,10,733855.98,4184563.64,-120.3447265625,37.7786102294922,"NAD83",-120.3447266,37.7786102,NA,"Bob Vobora","soil survey inventory","taxadjunct to the series",NA,0,NA,NA,NA,NA,NA,371,7,40,"Interior Live Oak - Chapparal",NA,NA,NA,66,"metavolcanics","indurated","shoulder",NA,"convex","convex","simple","well","side slope",NA,NA,"convex / convex",2019-01-15 00:00:00,"Andrew Brown","correlated","Loafercreek",NA,"taxadjunct","established","fine-loamy","inceptisols","xerepts","haploxerepts","typic haploxerepts","twelfth edition",0,"xeric","thermic","not used",25,66,"most recent",NA,NA,NA,NA,NA,TRUE,FALSE,FALSE,TRUE,TRUE,FALSE,0,0,2,2,2,0,0,0,0,"hillslope","colluvium & residuum","NA & metavolcanics"
"31","351700","07RJV121",352188,"07CA630RJV121",2007-07-11,10,739740.1,4181200.99,-120.278884887695,37.7466659545898,"NAD83",-120.2788849,37.746666,NA,"Bob Vobora","soil survey inventory","taxadjunct to the series",NA,0,NA,NA,NA,NA,NA,766,38,45,"Interior Live Oak - Chapparal",NA,NA,NA,92,"metavolcanics","indurated","backslope",NA,"convex","convex","complex","well","side slope",NA,NA,"convex / convex",2017-03-15 00:00:00,"Julie Baker","correlated","Loafercreek",NA,"taxadjunct","established","fine","alfisols","xeralfs","haploxeralfs","ultic haploxeralfs","twelfth edition",0,"xeric","thermic",NA,13,63,"most recent",NA,NA,NA,NA,NA,TRUE,TRUE,FALSE,TRUE,FALSE,FALSE,0,0,10,25,0,0,0,0,0,NA,NA,NA
"32","351701","07RJV122",352189,"07CA630RJV122",2007-07-12,10,738716.69,4180768.54,-120.290832519531,37.7430572509766,"NAD83",-120.2908325,37.7430573,NA,"Bob Vobora","soil survey inventory","taxadjunct to the series",NA,0,NA,NA,NA,NA,NA,781,43,160,"Chapparal",NA,NA,NA,89,"greenstone","indurated","backslope",NA,"convex","convex","complex","well","side slope",NA,NA,"convex / convex",2017-03-15 00:00:00,"Julie Baker","correlated","Loafercreek",NA,"taxadjunct","established","fine","alfisols","xeralfs","haploxeralfs","ultic haploxeralfs","twelfth edition",0,"xeric","thermic",NA,18,68,"most recent","F018XI201CA","Moderately Deep Thermic Foothills 22-31"" PZ",2016-05-04,"David Evans","least missing data",TRUE,TRUE,FALSE,TRUE,FALSE,FALSE,0,0,5,10,10,0,0,0,0,"hillslope","residuum","metavolcanics"
"33","351703","07RJV124",352191,"07CA630RJV124",2007-09-07,10,734581.93,4183864.87,-120.336669921875,37.7719459533691,"NAD83",-120.3366699,37.771946,NA,"Bob Vobora","soil survey inventory","correlates to named soil",NA,0,NA,NA,NA,NA,NA,423,25,350,"Interior Live Oak - Chapparal",NA,NA,NA,92,"metavolcanics","indurated","backslope",NA,"convex","convex","complex","well","side slope",NA,NA,"convex / convex",2017-03-15 00:00:00,"Julie Baker","correlated","Loafercreek",NA,"series","established","fine-loamy","alfisols","xeralfs","haploxeralfs","ultic haploxeralfs","twelfth edition",0,"xeric","thermic",NA,28,78,"most recent","F018XI201CA","Moderately Deep Thermic Foothills 22-31"" PZ",2016-05-04,"David Evans","least missing data",TRUE,TRUE,FALSE,TRUE,FALSE,FALSE,0,0,0,0,5,0,0,0,0,"hillslope","colluvium & residuum","NA & metavolcanics"
"34","351716","07RJV144",352204,"07CA630RJV144",2007-08-21,10,734459.26,4181434.23,-120.338890075684,37.7502784729004,"NAD83",-120.3388901,37.7502785,NA,"Bob Vobora","soil survey inventory","correlates to named soil",NA,0,NA,NA,NA,NA,NA,268,15,230,"Blue Oak Woodland/Grassland",NA,NA,NA,63,"metavolcanics","indurated","backslope",NA,"convex","convex","simple","well","nose slope",NA,NA,"convex / convex",2019-01-15 00:00:00,"Andrew Brown","correlated","Gopheridge",NA,"series","established","loamy-skeletal","alfisols","xeralfs","haploxeralfs","ultic haploxeralfs","twelfth edition",0,"xeric","thermic","not used",10,60,"most recent","F018XI200CA","Low Elevation Foothills 18-25"" PZ",2016-05-05,"David Evans","least missing data",TRUE,TRUE,FALSE,FALSE,FALSE,FALSE,0,3,2,0,0,0,0,0,0,"hillslope","residuum","metavolcanics"
"35","351717","07RJV145",352205,"07CA630RJV145",2007-09-10,10,732928.23,4182536.19,-120.355834960938,37.760555267334,"NAD83",-120.355835,37.7605553,NA,"Bob Vobora","soil survey inventory","taxadjunct to the series",NA,0,NA,NA,NA,NA,NA,267,8,170,"Chapparal",NA,NA,NA,71,"metavolcanics","indurated","shoulder",NA,"convex","convex","simple","well","nose slope",NA,NA,"convex / convex",2017-03-15 00:00:00,"Julie Baker","correlated","Loafercreek",NA,"taxadjunct","established","fine","alfisols","xeralfs","haploxeralfs","ultic haploxeralfs","twelfth edition",0,"xeric","thermic",NA,10,60,"most recent",NA,NA,NA,NA,NA,TRUE,TRUE,FALSE,FALSE,FALSE,FALSE,0,5,2,0,0,0,0,0,0,"hillslope","colluvium & residuum","NA & metavolcanics"
"36","374201","09CKS006",374485,"09CA630CKS006",2009-04-14,10,712405.06,4199085.97,-120.583610534668,37.9144477844238,"NAD83",-120.5836105,37.9144478,NA,"Chris Savastio","soil survey inventory","correlates to named soil",NA,0,NA,NA,NA,NA,NA,210,29,235,"Blue Oak Woodlland",NA,NA,NA,86,"greenstone","indurated","backslope",NA,"linear","convex","complex","well","side slope",NA,NA,"linear / convex",2012-01-24 00:00:00,NA,"correlated","Loafercreek",NA,"series","established","fine-loamy","alfisols","xeralfs","haploxeralfs","ultic haploxeralfs",NA,0,"xeric","thermic","not used",3,53,"most recent",NA,NA,NA,NA,NA,TRUE,TRUE,TRUE,FALSE,FALSE,FALSE,0,0,1,1,0,0,0,0,0,"hillslope","colluvium & residuum","NA & greenstone"
"37","374205","09CKS010",374489,"09CA630CKS010",2009-04-23,10,712489.47,4198454.1,-120.583053588867,37.9088897705078,"NAD83",-120.5830536,37.9088898,NA,"Chris Savastio","soil survey inventory","representative pedon for component",NA,0,NA,NA,NA,NA,NA,202,4,115,"Live Oak Woodland/Grassland",NA,NA,NA,96,"greenstone","indurated","backslope",NA,"linear","linear","simple","well","nose slope",NA,NA,"linear / linear",2012-01-24 23:28:58,NA,"correlated","Loafercreek",NA,"series",NA,"fine-loamy","alfisols","xeralfs","haploxeralfs","ultic haploxeralfs",NA,0,"xeric","thermic",NA,2,52,"most recent",NA,NA,NA,NA,NA,TRUE,TRUE,TRUE,TRUE,FALSE,FALSE,0,0,0,0,0,0,0,0,0,"hillslope","colluvium & residuum","NA & greenstone"
"38","374216","09CKS021",374500,"09CA630CKS021",2009-05-20,10,717721.94,4201560.48,-120.522499084473,37.9355583190918,"NAD83",-120.5224991,37.9355583,NA,"Chris Savastio","soil survey inventory","representative pedon for component",NA,0,NA,NA,NA,NA,NA,326,36,185,"blue oak woodland",NA,NA,NA,72,"metavolcanics","weakly","backslope",NA,"linear","concave","complex","well","side slope",NA,NA,"linear / concave",2012-02-09 00:00:00,NA,"correlated","Loafercreek",NA,"series",NA,"fine-loamy","alfisols","xeralfs","haploxeralfs","ultic haploxeralfs",NA,0,"xeric","thermic","not used",12,57,"most recent",NA,NA,NA,NA,NA,TRUE,TRUE,TRUE,TRUE,FALSE,FALSE,0,0,0,0,0,0,0,0,0,"hillslope","colluvium & residuum","metavolcanics"
"39","374219","09CKS024",374503,"09CA630CKS024",2009-05-26,10,717695.2,4202113.82,-120.522773742676,37.9405555725098,"NAD83",-120.5227737,37.9405556,NA,"Chris Savastio","soil survey inventory","correlates to named soil",NA,0,NA,NA,NA,NA,NA,439,50,185,"blue oak woodland",NA,NA,NA,93,"metavolcanics","weakly","backslope",NA,"linear","linear","simple","well","nose slope",NA,NA,"linear / linear",2012-01-24 00:00:00,NA,"correlated","Loafercreek",NA,"series",NA,"fine-loamy","alfisols","xeralfs","haploxeralfs","ultic haploxeralfs",NA,0,"xeric","thermic","not used",8,58,"most recent",NA,NA,NA,NA,NA,TRUE,TRUE,TRUE,TRUE,FALSE,FALSE,0,0,0,0,0,0,0,0,0,"hillslope","colluvium & residuum","metavolcanics"
"40","374232","09CKS036",374516,"09CA630CKS036",2009-07-09,10,709200.25,4194832.37,-120.621391296387,37.8769416809082,"NAD83",-120.6213913,37.8769417,NA,"Chris Savastio","soil survey inventory","correlates to named soil",NA,0,NA,NA,NA,NA,NA,232.5,18,335,NA,NA,NA,NA,65,"greenstone","moderately","backslope",NA,"convex","convex","simple","well","nose slope",NA,NA,"convex / convex",2012-02-09 00:00:00,NA,"correlated","Loafercreek",NA,"series",NA,"fine-loamy","alfisols","xeralfs","haploxeralfs","ultic haploxeralfs",NA,0,"xeric","thermic","not used",5,55,"most recent",NA,NA,NA,NA,NA,TRUE,TRUE,TRUE,FALSE,FALSE,FALSE,0,1,1,0,0,0,0,0,0,"hillslope","colluvium & residuum","greenstone"
"41","414895","10CKS001",416626,"10CA630CKS001",2010-03-10,10,712063.59,4205332.68,-120.585754394531,37.9708404541016,"WGS84",-120.5857537,37.970869,NA,"Chris Savastio","soil survey inventory","correlates to named soil",NA,0,NA,NA,NA,NA,NA,330,15,265,NA,NA,NA,NA,54,"metavolcanics","moderately","backslope",NA,"linear","linear","simple","well","side slope",NA,NA,"linear / linear",2012-02-09 00:00:00,NA,"correlated","Loafercreek",NA,"series",NA,"fine-loamy","alfisols","xeralfs","haploxeralfs","ultic haploxeralfs","tenth edition",0,"xeric","thermic","not used",10,54,"most recent",NA,NA,NA,NA,NA,TRUE,TRUE,TRUE,FALSE,FALSE,FALSE,0,0,0,0,0,0,0,0,0,"hillslope","colluvium & residuum","metavolcanics"
"42","414934","10CKS007",416587,"10CA630CKS007",2010-03-23,10,727718.14,4196192.34,-120.41056060791,37.8847198486328,"NAD83",-120.4105606,37.8847198,NA,"Chris Savastio","soil survey inventory","correlates to named soil",NA,0,NA,NA,NA,NA,NA,397.700012207031,18,20,NA,NA,NA,NA,75,"metavolcanics","indurated","backslope",NA,"convex","concave","simple","well","nose slope",NA,NA,"convex / concave",2012-02-09 00:00:00,NA,"correlated","Loafercreek",NA,"series","established","fine-loamy","alfisols","xeralfs","haploxeralfs","ultic haploxeralfs","tenth edition",0,"xeric","thermic","not used",24,55,"most recent",NA,NA,NA,NA,NA,TRUE,TRUE,FALSE,TRUE,TRUE,FALSE,0,0,0,0,0,0,0,0,0,"hillslope","colluvium & residuum","metavolcanics"
"43","414936","10CKS009",416590,"10CA630CKS009",2010-04-23,10,727690.52,4196091.58,-120.410835266113,37.8838882446289,"NAD83",-120.4108353,37.8838882,NA,"Chris Savastio","soil survey inventory","correlates to named soil",NA,0,NA,NA,NA,NA,NA,388.200012207031,45,185,NA,NA,NA,NA,76,"metavolcanics","moderately","backslope",NA,"linear","linear","simple","well","side slope",NA,NA,"linear / linear",2012-02-09 00:00:00,NA,"correlated","Loafercreek",NA,"series",NA,"fine-loamy","alfisols","xeralfs","haploxeralfs","ultic haploxeralfs","tenth edition",0,"xeric","thermic","not used",9,59,"most recent",NA,NA,NA,NA,NA,TRUE,TRUE,TRUE,FALSE,FALSE,FALSE,0,1,0,0,0,0,0,0,0,"hillslope","colluvium & residuum","metavolcanics"
"44","414938","10CKS011",416592,"10CA630CKS011",2010-05-12,10,722029.96,4207724.5,-120.471664428711,37.9900016784668,"NAD83",-120.4716644,37.9900017,NA,"Chris Savastio","soil survey inventory","correlates to named soil",NA,0,NA,NA,NA,NA,NA,441.5,40,90,NA,NA,NA,NA,72,"metavolcanics","weakly","shoulder",NA,"convex","convex","simple","well","nose slope",NA,NA,"convex / convex",2012-02-09 00:00:00,NA,"correlated","Loafercreek",NA,"series",NA,"fine-loamy","alfisols","xeralfs","haploxeralfs","ultic haploxeralfs","tenth edition",0,"xeric","thermic","not used",8,58,"most recent",NA,NA,NA,NA,NA,TRUE,TRUE,TRUE,TRUE,FALSE,FALSE,0,0,0,0,0,0,0,0,0,"hillslope","colluvium & residuum","metavolcanics"
"45","425293","10MJE005",428037,"10CA630MJE005",2010-03-11,10,716471,4210399,-120.534088134766,38.0154495239258,"NAD83",-120.5340917,38.01545,NA,"Meghan Euliano","laboratory sampling site","taxadjunct to the series","10N0896",1,NA,NA,NA,NA,NA,382,39,250,"Blue Oak Woodland",NA,NA,NA,71,"greenstone","moderately","backslope",NA,"convex","linear","simple","well","side slope",NA,NA,"convex / linear",2019-01-15 00:00:00,"Andrew Brown","correlated","Loafercreek",NA,"taxadjunct","established","fine-loamy","alfisols","xeralfs","haploxeralfs","ultic haploxeralfs","twelfth edition",0,NA,"thermic",NA,21,71,"most recent","F018XI201CA","Moderately Deep Thermic Foothills 22-31"" PZ",2016-05-17,"David Evans","least missing data",TRUE,TRUE,TRUE,FALSE,FALSE,FALSE,0,0,0,0,0,0,0,0,0,"hillslope","colluvium & residuum","NA & greenstone"
"46","463690","09BAH006",468634,"09CA630BAH006",2009-06-02,10,716338.03,4204595.62,-120.537498474121,37.9633331298828,"NAD83",-120.5374985,37.9633331,NA,"Bev Harben","soil survey inventory","correlates to named soil",NA,0,NA,NA,NA,NA,NA,442,32,248,"Grassland",NA,NA,NA,59,"metavolcanics","moderately","backslope",NA,"convex","convex","complex","well","side slope",NA,NA,"convex / convex",2016-01-28 00:00:00,"Andrew Paolucci","correlated","Loafercreek",NA,"series","tentative","fine-loamy","alfisols","xeralfs","haploxeralfs","ultic haploxeralfs","twelfth edition",0,"xeric","thermic",NA,18,59,"most recent",NA,NA,NA,NA,NA,TRUE,TRUE,TRUE,FALSE,FALSE,FALSE,0,2,5,0,2,0,0,0,0,"hillslope","colluvium & residuum","NA & metavolcanics"
"47","477042","10CKS015",416596,"10CA630CKS015",2010-05-19,10,729955.42,4194694.17,-120.385551452637,37.8708305358887,"NAD83",-120.3855515,37.8708305,NA,"Chris Savastio","soil survey inventory","correlates to named soil",NA,0,NA,NA,NA,NA,NA,396.399993896484,37,220,NA,NA,NA,NA,80,"metavolcanics","weakly","backslope",NA,"linear","linear","simple","well","side slope",NA,NA,"linear / linear",2012-02-09 00:00:00,NA,"correlated","Loafercreek",NA,"series",NA,"fine-loamy","alfisols","xeralfs","haploxeralfs","ultic haploxeralfs","tenth edition",0,"xeric","thermic","not used",6,56,"most recent","F018XI201CA","Moderately Deep Thermic Foothills 22-31"" PZ",2017-04-12,NA,"least missing data",TRUE,TRUE,TRUE,TRUE,FALSE,FALSE,0,0,0,0,0,0,0,0,0,"hillslope","colluvium & residuum","metavolcanics"
"48","477055","10CKS030",416609,"10CA630CKS030",2010-08-24,10,728298.56,4202966.59,-120.401947021484,37.945556640625,"NAD83",-120.401947,37.9455566,NA,"Chris Savastio","soil survey inventory","correlates to named soil",NA,0,NA,NA,NA,NA,NA,503.700012207031,33,195,NA,NA,NA,NA,52,"metavolcanics","weakly","backslope",NA,"linear","convex","simple","well","side slope",NA,NA,"linear / convex",2012-02-14 00:00:00,NA,"correlated","Loafercreek","Cool","series",NA,"fine-loamy","alfisols","xeralfs","haploxeralfs","ultic haploxeralfs","tenth edition",0,"xeric","thermic","not used",15,52,"most recent","F018XI201CA","Moderately Deep Thermic Foothills 22-31"" PZ",2016-05-17,"David Evans","least missing data",TRUE,TRUE,TRUE,TRUE,FALSE,FALSE,0,0,0,0,0,0,0,0,0,"hillslope","colluvium & residuum","metavolcanics"
"49","477056","10CKS031",416610,"10CA630CKS031",2010-08-25,10,728571.14,4203065.94,-120.39860534668,37.9463882446289,"NAD83",-120.3986053,37.9463882,NA,"Chris Savastio","soil survey inventory","correlates to named soil",NA,0,NA,NA,NA,NA,NA,486,16,198,NA,NA,NA,NA,54,"metavolcanics","moderately","backslope",NA,"convex","linear","simple","well","side slope",NA,NA,"convex / linear",2012-02-14 00:00:00,NA,"correlated","Loafercreek","Cool","series",NA,"fine-loamy","alfisols","xeralfs","haploxeralfs","ultic haploxeralfs","tenth edition",0,"xeric","thermic","not used",6,54,"most recent","F018XI201CA","Moderately Deep Thermic Foothills 22-31"" PZ",2016-05-17,"David Evans","least missing data",TRUE,TRUE,TRUE,FALSE,FALSE,FALSE,0,0,0,0,0,0,0,0,0,"hillslope","colluvium & residuum","metavolcanics"
"50","477057","10CKS032",416611,"10CA630CKS032",2010-08-30,10,729034.43,4191009.46,-120.397216796875,37.837776184082,"NAD83",-120.3972168,37.8377762,NA,"Chris Savastio","soil survey inventory","correlates to named soil",NA,0,NA,NA,NA,NA,NA,365.799987792969,37,175,NA,NA,NA,NA,70,"metavolcanics","weakly","backslope",NA,"linear","linear","complex","well","side slope",NA,NA,"linear / linear",2012-02-09 00:00:00,NA,"correlated","Loafercreek",NA,"series",NA,"fine-loamy","alfisols","xeralfs","haploxeralfs","ultic haploxeralfs","tenth edition",0,"xeric","thermic","not used",8,58,"most recent","F018XI201CA","Moderately Deep Thermic Foothills 22-31"" PZ",2016-05-17,"David Evans","least missing data",TRUE,TRUE,TRUE,FALSE,FALSE,FALSE,0,1,3,5,0,0,0,0,0,"hillslope","colluvium & residuum","metavolcanics"
"51","477059","10CKS034",416613,"10CA630CKS034",2010-09-01,10,729264.96,4191520.46,-120.394439697266,37.8422203063965,"NAD83",-120.3944397,37.8422203,NA,"Chris Savastio","soil survey inventory","taxadjunct to the series",NA,0,NA,NA,NA,NA,NA,503.700012207031,15,245,NA,NA,NA,NA,71,"metavolcanics","moderately","backslope",NA,"linear","linear","simple","well","side slope",NA,NA,"linear / linear",2012-02-09 00:00:00,NA,"correlated","Loafercreek",NA,"taxadjunct","tentative","coarse-loamy","alfisols","xeralfs","haploxeralfs","ultic haploxeralfs","tenth edition",0,"xeric","thermic","not used",9,59,"most recent",NA,NA,NA,NA,NA,TRUE,TRUE,TRUE,FALSE,FALSE,FALSE,0,0,1,1,0,0,0,0,0,"hillslope","colluvium & residuum","metavolcanics"
"52","488565","10MJE001",495909,"10CA630MJE001",2010-01-29,10,709427.44,4205646.29,-120.61555480957,37.9741668701172,"NAD83",-120.6155548,37.9741669,NA,"Meghan Euliano","soil survey inventory","representative pedon for component",NA,0,NA,NA,NA,NA,NA,345,28,60,NA,NA,NA,NA,60,"greenstone","moderately","backslope",NA,"linear","linear","simple","well","side slope",NA,NA,"linear / linear",2018-01-18 00:00:00,NA,"correlated","Loafercreek",NA,"series",NA,"fine-loamy","alfisols","xeralfs","haploxeralfs","ultic haploxeralfs","twelfth edition",0,"xeric","thermic","not used",7,57,"most recent",NA,NA,NA,NA,NA,TRUE,TRUE,TRUE,FALSE,FALSE,FALSE,0,0,0,0,0,0,0,0,0,"hill","colluvium & residuum","greenstone"
"53","488568","10MJE006",495912,"10CA630MJE006",2010-03-12,10,717013.63,4212315.29,-120.527221679688,38.0325012207031,"NAD83",-120.5272217,38.0325012,NA,"Meghan Euliano","soil survey inventory","correlates to named soil",NA,0,NA,NA,NA,NA,NA,441,12,200,NA,NA,NA,NA,51,"slate","strongly","backslope",NA,"linear","convex","complex","well","side slope",NA,NA,"linear / convex",2018-07-30 00:00:00,"Andrew Paolucci","correlated","Loafercreek",NA,"series","tentative","fine-loamy","alfisols","xeralfs","haploxeralfs","ultic haploxeralfs","twelfth edition",0,"xeric","thermic",NA,30,51,"most recent",NA,NA,NA,NA,NA,TRUE,TRUE,FALSE,FALSE,TRUE,FALSE,0,0,0,0,0,0,0,0,0,"hill","residuum","slate"
"54","488573","10MJE011",495917,"10CA630MJE011",2010-03-19,10,716591.22,4210889.18,-120.532493591309,38.0197219848633,"NAD83",-120.5324936,38.019722,NA,"Meghan Euliano","soil survey inventory","representative pedon for component",NA,0,NA,NA,NA,NA,NA,443,16,78,"blue oak woodland",NA,NA,NA,60,"greenstone","moderately","backslope",NA,"linear","linear","simple","well","side slope",NA,NA,"linear / linear",2017-04-19 00:00:00,"Julie Baker","correlated","Loafercreek",NA,"series",NA,"fine-loamy","alfisols","xeralfs","haploxeralfs","ultic haploxeralfs","twelfth edition",0,"xeric","thermic",NA,12,60,"most recent",NA,NA,NA,NA,NA,TRUE,TRUE,TRUE,FALSE,FALSE,FALSE,0,2,0,0,0,0,0,0,0,"hill","colluvium & residuum","greenstone"
"55","488578","10MJE016",495922,"10CA630MJE016",2010-03-25,10,716598,4210647.16,-120.532493591309,38.0177764892578,"NAD83",-120.5324936,38.0177765,NA,"Meghan Euliano","soil survey inventory","correlates to named soil",NA,0,NA,NA,NA,NA,NA,451,7,140,NA,NA,NA,NA,80,"greenstone","indurated","summit",NA,"linear","linear","simple","well",NA,NA,NA,"linear / linear",2012-02-09 00:00:00,NA,"correlated","Loafercreek",NA,"series",NA,"fine-loamy","alfisols","xeralfs","haploxeralfs","ultic haploxeralfs","tenth edition",0,"xeric","thermic",NA,18,64,"most recent",NA,NA,NA,NA,NA,TRUE,TRUE,FALSE,TRUE,TRUE,FALSE,0,0,0,0,0,0,0,0,0,"hill","colluvium & residuum","greenstone"
"56","488581","10MJE019N",495925,"10CA630MJE019N",2010-04-23,10,715007.16,4211576.9,-120.550277709961,38.0263900756836,"NAD83",-120.5502777,38.0263901,NA,"Meghan Euliano","soil survey inventory","correlates to named soil",NA,0,NA,NA,NA,NA,NA,398,31,191,NA,NA,NA,NA,63,"greenstone","weakly","backslope",NA,"linear","linear","simple","well","side slope",NA,NA,"linear / linear",2012-02-09 00:00:00,NA,"correlated","Loafercreek",NA,"series",NA,"fine-loamy","alfisols","xeralfs","haploxeralfs","ultic haploxeralfs","tenth edition",0,"xeric","thermic",NA,4,54,"most recent",NA,NA,NA,NA,NA,TRUE,TRUE,TRUE,FALSE,FALSE,FALSE,0,0,0,0,0,0,0,0,0,"hill","colluvium & residuum","greenstone"
"57","488582","10MJE020",495926,"10CA630MJE020",2010-04-23,10,715247.89,4211295.18,-120.547775268555,38.0238876342773,"NAD83",-120.5477753,38.0238876,NA,"Meghan Euliano","soil survey inventory","taxadjunct to the series",NA,0,NA,NA,NA,NA,NA,397,5,141,NA,NA,NA,NA,54,"slate","moderately","summit",NA,"convex","linear","simple","well","crest",NA,NA,"convex / linear",2012-03-02 18:35:52,NA,"correlated","Loafercreek",NA,"taxadjunct",NA,"fine-loamy","inceptisols","xerepts","haploxerepts","typic haploxerepts","tenth edition",0,"xeric","thermic","not used",0,54,"most recent",NA,NA,NA,NA,NA,TRUE,FALSE,TRUE,FALSE,TRUE,FALSE,0,3,0,0,0,0,0,0,0,"hill","colluvium & residuum","greenstone & slate"
"58","488587","10MJE025",495931,"10CA630MJE025",2010-05-12,10,715813.19,4214558.41,-120.54027557373,38.0530548095703,"NAD83",-120.5402756,38.0530548,NA,"Meghan Euliano","soil survey inventory","correlates to named soil",NA,0,NA,NA,NA,NA,NA,449,34,229,NA,NA,NA,NA,56,"greenstone","moderately","backslope",NA,"convex","convex","complex","well","side slope",NA,NA,"convex / convex",2019-01-15 00:00:00,"Andrew Brown","correlated","Gopheridge",NA,"series","established","loamy-skeletal","alfisols","xeralfs","haploxeralfs","ultic haploxeralfs","twelfth edition",0,"xeric","thermic","not used",19,56,"most recent",NA,NA,NA,NA,NA,TRUE,TRUE,TRUE,FALSE,TRUE,FALSE,0,2,0,0,0,0,0,0,0,"hill","colluvium & residuum","metavolcanics"
"59","488596","10MJE038N",495940,"10CA630MJE038N",2010-05-24,10,716059.15,4216265.48,-120.53694152832,38.0683326721191,"NAD83",-120.5369415,38.0683327,NA,"Meghan Euliano","soil survey inventory","taxadjunct to the series",NA,0,NA,NA,NA,NA,NA,443,21,12,NA,NA,NA,NA,50,"metavolcanics","moderately","backslope",NA,"linear","linear","simple","well","side slope",NA,NA,"linear / linear",2019-01-15 00:00:00,"Andrew Brown","correlated","Dunstone",NA,"taxadjunct","established","loamy-skeletal","alfisols","xeralfs","haploxeralfs","ultic haploxeralfs","twelfth edition",0,"xeric","thermic","shallow",29,50,"most recent",NA,NA,NA,NA,NA,TRUE,TRUE,TRUE,FALSE,FALSE,FALSE,0,5,0,0,0,0,0,0,0,"hill","colluvium & residuum","metavolcanics"
"60","488602","10MJE045N",495946,"10CA630MJE045N",2010-06-29,10,716393.86,4215192.59,-120.53360748291,38.0586090087891,"NAD83",-120.5336075,38.058609,NA,"Meghan Euliano","soil survey inventory","correlates to named soil",NA,0,NA,NA,NA,NA,NA,446,10,142,NA,NA,NA,NA,82,"greenstone","moderately","backslope",NA,"convex","linear","complex","well","nose slope",NA,NA,"convex / linear",2012-02-09 18:01:54,NA,"correlated","Loafercreek",NA,"series",NA,"fine-loamy","alfisols","xeralfs","haploxeralfs","ultic haploxeralfs",NA,0,"xeric","thermic",NA,31,81,"most recent",NA,NA,NA,NA,NA,TRUE,TRUE,TRUE,FALSE,TRUE,FALSE,0,2,0,0,0,0,0,0,0,"hill","colluvium & residuum","greenstone"
"61","488636","10MJE079N",495980,"10CA630MJE079N",2010-09-22,NA,NA,NA,NA,NA,NA,-120.5387067,38.1036481,NA,"Meghan Euliano","soil survey inventory","correlates to named soil",NA,0,NA,NA,NA,NA,NA,520,8,221,NA,NA,NA,NA,89,"greenstone","moderately","footslope",NA,"linear","convex","complex","well","base slope",NA,NA,"linear / convex",2012-02-07 19:09:20,NA,"correlated","Loafercreek",NA,"series",NA,"fine-loamy","alfisols","xeralfs","haploxeralfs","ultic haploxeralfs","tenth edition",0,"xeric","thermic",NA,17,67,"most recent",NA,NA,NA,NA,NA,TRUE,TRUE,TRUE,FALSE,TRUE,FALSE,0,0,0,0,0,0,0,0,0,"hill","colluvium & residuum","greenstone"
"62","493742","09BAH008",501286,"09CA630BAH008",2009-06-03,10,716153.62,4204188.95,-120.53971862793,37.9597244262695,"NAD83",-120.5397186,37.9597244,NA,"Bev Harben","soil survey inventory","correlates to named soil",NA,0,NA,NA,NA,NA,NA,384,3,102,"Blue Oak Woodland/Grassland",NA,NA,NA,68,"metavolcanics","moderately","footslope",NA,"linear","linear","simple","well","base slope",NA,NA,"linear / linear",2012-02-03 00:00:00,NA,"correlated","Loafercreek",NA,"series",NA,"fine-loamy","alfisols","xeralfs","haploxeralfs","ultic haploxeralfs","tenth edition",0,"xeric","thermic",NA,12,62,"most recent",NA,NA,NA,NA,NA,TRUE,TRUE,TRUE,FALSE,FALSE,FALSE,0,0,0,0,0,0,0,0,0,"hillslope","residuum & colluvium","metavolcanics & NA"
"63","530603","10BJM012",540897,"10CA630BJM012",2010-04-30,10,704940.06,4208417.37,-120.665832519531,38.0002784729004,"NAD83",-120.6658325,38.0002785,NA,"Ben Marshall","soil survey inventory","correlates to named soil",NA,0,NA,NA,NA,NA,NA,361.899993896484,32,52,"Live Oak Chapparel",NA,NA,NA,70,"greenstone","moderately","backslope",NA,"convex","convex","simple","well","side slope",NA,NA,"convex / convex",2012-02-14 00:00:00,NA,"correlated","Loafercreek","Cool","series",NA,"fine-loamy","alfisols","xeralfs","haploxeralfs","ultic haploxeralfs",NA,0,"xeric","thermic",NA,25,70,"most recent",NA,NA,NA,NA,NA,TRUE,TRUE,TRUE,FALSE,FALSE,FALSE,0,2,0,0,0,0,0,0,0,"hillslope","residuum","greenstone"
"64","530611","10BJM021",540905,"10CA630BJM021",2010-05-24,10,706381.77,4211829.48,-120.64860534668,38.0305557250977,"NAD83",-120.6486053,38.0305557,NA,"Ben Marshall","soil survey inventory","representative pedon for component",NA,0,NA,NA,NA,NA,NA,481.5,11,285,"Grasslands",NA,NA,NA,60,"greenstone","strongly","backslope",NA,"linear","convex","simple","well","side slope",NA,NA,"linear / convex",2017-04-21 00:00:00,"Julie Baker","correlated","Loafercreek",NA,"series",NA,"fine-loamy","alfisols","xeralfs","haploxeralfs","ultic haploxeralfs","twelfth edition",0,"xeric","thermic",NA,8,58,"most recent",NA,NA,NA,NA,NA,TRUE,TRUE,TRUE,FALSE,FALSE,FALSE,0,0,0,0,0,0,0,0,0,"hillslope","residuum","metavolcanics"
"65","530649","10BJM055",540943,"10CA630BJM055",2010-09-02,10,706019.34,4210733.05,-120.653053283691,38.0208320617676,"NAD83",-120.6530533,38.0208321,NA,"Ben Marshall","soil survey inventory","correlates to named soil",NA,0,NA,NA,NA,NA,NA,523.200012207031,13,95,"Live Oak Woodland",NA,NA,NA,54,"greenstone","moderately","shoulder",NA,"linear","linear","simple","well","side slope",NA,NA,"linear / linear",2012-02-09 00:00:00,NA,"correlated","Loafercreek",NA,"series",NA,"fine-loamy","alfisols","xeralfs","haploxeralfs","ultic haploxeralfs","tenth edition",0,"xeric","thermic",NA,10,60,"most recent",NA,NA,NA,NA,NA,TRUE,TRUE,TRUE,TRUE,FALSE,FALSE,0,0,0,0,0,0,0,0,0,"hillslope","residuum","greenstone"
"66","530692","10BJM059",540986,"10CA630BJM059",2010-02-18,10,698960.05,4220152.26,-120.730834960938,38.1072196960449,"NAD83",-120.730835,38.1072197,NA,"Ben Marshall","soil survey inventory","correlates to named soil",NA,0,NA,NA,NA,NA,NA,655,10,205,NA,NA,NA,NA,76,"metavolcanics","moderately","backslope",NA,"linear","linear","complex","moderately well","side slope",NA,NA,"linear / linear",2012-02-09 00:00:00,NA,"correlated","Loafercreek",NA,"series",NA,"fine-loamy","alfisols","xeralfs","haploxeralfs","ultic haploxeralfs","tenth edition",0,"xeric","thermic",NA,25,75,"most recent",NA,NA,NA,NA,NA,TRUE,TRUE,TRUE,FALSE,FALSE,FALSE,0,2,0,0,0,0,0,0,0,"hill","colluvium & residuum","metavolcanics"
"67","530693","10BJM060",540987,"10CA630BJM060",2010-02-18,10,699400.34,4220068.25,-120.725830078125,38.106388092041,"NAD83",-120.7258301,38.1063881,NA,"Ben Marshall","soil survey inventory","correlates to named soil",NA,0,NA,NA,NA,NA,NA,701,10,90,NA,NA,NA,NA,71,"metavolcanics","strongly","backslope",NA,"linear","linear","simple","well","side slope",NA,NA,"linear / linear",2012-02-09 00:00:00,NA,"correlated","Loafercreek",NA,"series",NA,"fine-loamy","alfisols","xeralfs","haploxeralfs","ultic haploxeralfs","tenth edition",0,"xeric","thermic","not used",8,58,"most recent",NA,NA,NA,NA,NA,TRUE,TRUE,TRUE,FALSE,FALSE,FALSE,0,0,0,0,0,0,0,0,0,"hill","colluvium & residuum","NA & metavolcanics"
"68","530694","10BJM061",540988,"10CA630BJM061",2010-02-18,10,699059.12,4221252.64,-120.729164123535,38.1172218322754,"NAD83",-120.7291641,38.1172218,NA,"Ben Marshall","soil survey inventory","correlates to named soil",NA,0,NA,NA,NA,NA,NA,800,5,310,NA,NA,NA,NA,56,"metavolcanics","strongly","backslope",NA,"linear","linear","simple","well","side slope",NA,NA,"linear / linear",2012-02-09 00:00:00,NA,"correlated","Loafercreek",NA,"series",NA,"fine-loamy","alfisols","xeralfs","haploxeralfs","ultic haploxeralfs","tenth edition",0,"xeric","thermic","not used",18,56,"most recent",NA,NA,NA,NA,NA,TRUE,TRUE,TRUE,FALSE,FALSE,FALSE,0,0,0,0,0,0,0,0,0,"hill","residuum","metavolcanics"
"69","530699","11PDM001",541007,"11CA630PDM001",2010-11-17,10,700472.21,4196499.53,-120.720001220703,37.8938865661621,"NAD83",-120.7200012,37.8938866,NA,"Drew Mather","soil survey inventory","correlates to named soil",NA,0,NA,NA,NA,NA,NA,213,14,304,NA,NA,NA,NA,67,"metavolcanics","weakly","backslope",NA,"concave","linear",NA,"well","side slope",NA,NA,"concave / linear",2012-02-09 00:00:00,NA,"correlated","Loafercreek",NA,"series",NA,"fine-loamy","alfisols","xeralfs","haploxeralfs","ultic haploxeralfs","tenth edition",0,"xeric","thermic",NA,3,53,"most recent",NA,NA,NA,NA,NA,TRUE,TRUE,TRUE,TRUE,FALSE,FALSE,0,1,0,0,0,0,0,0,0,"hill","colluvium & residuum","metavolcanics"
"70","530731","11BJM012",541021,"11CA630BJM012",2011-04-26,10,724292.64,4179931.56,-120.454444885254,37.7391662597656,"NAD83",-120.4544449,37.7391663,NA,"Ben Marshall","soil survey inventory","correlates to named soil",NA,0,NA,NA,NA,NA,NA,251,25,300,"Blue Oak Woodland",NA,NA,NA,63,"rhyolite","strongly","toeslope",NA,"convex","linear","complex","well","nose slope",NA,NA,"convex / linear",2017-03-15 00:00:00,"Julie Baker","correlated","Loafercreek",NA,"series","established","fine-loamy","alfisols","xeralfs","haploxeralfs","ultic haploxeralfs","twelfth edition",0,"xeric","thermic",NA,19,63,"most recent",NA,NA,NA,NA,NA,TRUE,TRUE,TRUE,FALSE,FALSE,FALSE,0,1,0,0,0,0,0,0,0,"hill","colluvium & residuum","rhyolite"
"71","530740","11BJM021",541030,"11CA630BJM021",2011-05-25,10,726667.68,4179317.78,-120.427772521973,37.7330551147461,"NAD83",-120.4277725,37.7330551,NA,"Ben Marshall","soil survey inventory","correlates to named soil",NA,0,NA,NA,NA,NA,NA,318,10,350,NA,NA,NA,NA,65,"metavolcanics","moderately","backslope",NA,"linear","convex","complex","well","side slope",NA,NA,"linear / convex",2012-01-24 00:00:00,NA,"correlated","Loafercreek",NA,"series",NA,"fine-loamy","alfisols","xeralfs","haploxeralfs","ultic haploxeralfs","tenth edition",0,"xeric","thermic","not used",6,56,"most recent",NA,NA,NA,NA,NA,TRUE,TRUE,TRUE,FALSE,FALSE,FALSE,0,0,0,0,0,0,0,0,0,"hill","residuum","metavolcanics"
"72","530744","11BJM025",541034,"11CA630BJM025",2011-06-01,10,728139.13,4175480.13,-120.412223815918,37.698055267334,"NAD83",-120.4122238,37.6980553,NA,"Ben Marshall","soil survey inventory","representative pedon for component",NA,0,NA,NA,NA,NA,NA,236,20,45,NA,NA,NA,NA,65,"metavolcanics","moderately","backslope",NA,"convex","convex","complex","well","nose slope",NA,NA,"convex / convex",2017-03-15 00:00:00,"Julie Baker","correlated","Loafercreek",NA,"series","established","fine-loamy","alfisols","xeralfs","haploxeralfs","ultic haploxeralfs","twelfth edition",0,"xeric","thermic",NA,9,59,"most recent",NA,NA,NA,NA,NA,TRUE,TRUE,TRUE,FALSE,FALSE,FALSE,0,1,0,0,0,0,0,0,0,"hill","colluvium & residuum","metavolcanics"
"73","530751","11BJM032",541041,"11CA630BJM032",2011-06-09,10,727548.03,4178324.04,-120.41805267334,37.7238883972168,"NAD83",-120.4180527,37.7238884,NA,"Ben Marshall","soil survey inventory","representative pedon for component",NA,0,NA,NA,NA,NA,NA,320,30,52,NA,NA,NA,NA,65,"rhyolite","moderately","backslope",NA,"linear","convex","complex","well","side slope",NA,NA,"linear / convex",2017-03-15 00:00:00,"Julie Baker","correlated","Loafercreek",NA,"series","established","fine-loamy","alfisols","xeralfs","haploxeralfs","ultic haploxeralfs","twelfth edition",0,"xeric","thermic",NA,6,56,"most recent","F018XI201CA","Moderately Deep Thermic Foothills 22-31"" PZ",2016-05-17,"David Evans","least missing data",TRUE,TRUE,TRUE,FALSE,FALSE,FALSE,0,0,0,0,0,0,0,0,0,"hill","colluvium & residuum","rhyolite"
"74","533172","66-CA-05-007x",543666,"S1966-CA-05-007x",2009-01-23,10,712929.31,4200358.67,-120.577377319336,37.9258728027344,"NAD83",-120.5769645,37.9252385,NA,"COS, DD, FT","laboratory sampling site","taxadjunct to the series","UCD6605007",0,NA,NA,NA,NA,NA,305,34,225,NA,NA,NA,"0",NA,"metavolcanics",NA,NA,NA,NA,"concave","simple","well",NA,NA,NA,NA,2018-07-30 00:00:00,"Andrew Paolucci","correlated","Loafercreek",NA,"taxadjunct","established","fine-loamy","alfisols","xeralfs","haploxeralfs","ultic haploxeralfs","twelfth edition",0,"xeric","thermic",NA,33,64,"most recent",NA,NA,NA,NA,NA,TRUE,TRUE,TRUE,FALSE,FALSE,FALSE,0,0,0,0,0,0,0,0,0,NA,"residuum","NA"
"75","533272","77-CA-55-040x",543766,"S1977-CA-55-040x",2008-10-20,10,722661.77,4213740.38,-120.462593078613,38.0440368652344,"NAD83",-120.2920157,37.7771107,NA,"WRP, BFS","laboratory sampling site","correlates to named soil","UCD7755040",0,NA,NA,NA,NA,NA,358,13,215,NA,NA,NA,"1",NA,"metavolcanics",NA,"backslope",NA,NA,NA,"complex","well",NA,NA,NA,NA,2015-12-03 00:00:00,"Theresa Kunch","correlated","Loafercreek",NA,"series","established","fine-loamy","alfisols","xeralfs","haploxeralfs","ultic haploxeralfs","twelfth edition",0,"xeric","thermic",NA,25,61,"most recent",NA,NA,NA,NA,NA,TRUE,FALSE,FALSE,TRUE,TRUE,FALSE,0,0,0,0,0,0,0,0,0,NA,"residuum","NA"
"76","533337","73-CA-55-009x",543831,"S1973-CA-55-009x",2009-02-27,10,711773.35,4186676.48,-120.594535827637,37.8029365539551,"NAD83",-120.5934263,37.80273,NA,"COS, BFS, RMD, LKS","laboratory sampling site","correlates to named soil","UCD7355009",0,NA,NA,NA,NA,NA,232,10,180,NA,NA,NA,"0",NA,"metavolcanics",NA,NA,NA,NA,NA,"simple","moderately well",NA,NA,NA,NA,2015-12-17 00:00:00,"Theresa Kunch","correlated","Loafercreek",NA,"series","tentative","fine-loamy","alfisols","xeralfs","haploxeralfs","ultic haploxeralfs","twelfth edition",0,"xeric","thermic",NA,48,89,"most recent",NA,NA,NA,NA,NA,TRUE,TRUE,TRUE,FALSE,TRUE,FALSE,0,0,0,0,0,0,0,0,0,NA,"residuum","NA"
"77","533462","S08CALATIGO-001",543956,"S2008CALATIGO-001",2008-08-02,10,703128.3,4219044.5,-120.68350982666,38.0963935852051,"NAD83",-120.6835098,38.0963936,NA,"DB,ATO","laboratory sampling site","taxadjunct to the series","UCD08LAT001",1,NA,NA,NA,NA,NA,NA,NA,200,NA,NA,NA,NA,60,"greenstone",NA,"backslope",NA,NA,NA,"simple","moderately well",NA,NA,NA,NA,2019-01-15 00:00:00,"Andrew Brown","correlated","Argonaut",NA,"taxadjunct","established","fine","alfisols","xeralfs","haploxeralfs","ultic palexeralfs","twelfth edition",0,"xeric","thermic",NA,12,60,"most recent",NA,NA,NA,NA,NA,TRUE,TRUE,TRUE,FALSE,FALSE,FALSE,0,0,0,0,0,0,0,0,0,"hill","saprolite","NA"
"78","533888","67-CA-05-021x",544382,"S1967-CA-05-021x",2009-01-21,10,699003.13,4201474.97,-120.735397338867,37.9390830993652,"NAD83",-120.7338323,37.9399399,NA,"JAD, COS, LHF","laboratory sampling site","taxadjunct to the series","UCD6705021",0,NA,NA,NA,NA,NA,244,29,270,NA,NA,NA,"0",NA,"metavolcanics",NA,NA,NA,NA,NA,"complex","well",NA,NA,NA,NA,2016-01-22 00:00:00,"Andrew Paolucci","correlated","Loafercreek",NA,"taxadjunct",NA,"fine-loamy","inceptisols","xerepts","haploxerepts","humic haploxerepts","twelfth edition",0,"xeric","thermic",NA,25,56,"most recent",NA,NA,NA,NA,NA,TRUE,FALSE,TRUE,FALSE,TRUE,FALSE,0,0,0,0,0,0,0,0,0,NA,"residuum","NA"
"79","533889","67-CA-05-020x",544383,"S1967-CA-05-020x",2009-01-21,10,713317.15,4200783.99,-120.57283782959,37.9296112060547,"NAD83",-120.5749577,37.9293821,NA,"JAD, COS, LHF","laboratory sampling site","correlates to named soil","UCD6705020",0,NA,NA,NA,NA,NA,311,32,45,NA,NA,NA,"0",NA,"metavolcanics",NA,NA,NA,NA,NA,"simple","well",NA,NA,NA,NA,2015-12-24 00:00:00,"Theresa Kunch","correlated","Loafercreek",NA,"series",NA,"fine-loamy","alfisols","xeralfs","haploxeralfs","ultic haploxeralfs","twelfth edition",0,"xeric","thermic",NA,25,58,"most recent",NA,NA,NA,NA,NA,TRUE,TRUE,TRUE,FALSE,FALSE,FALSE,0,0,0,0,0,0,0,0,0,NA,"residuum","NA"
"80","542093","10BJM014",550787,"10CA630BJM014",2010-05-18,10,705543.97,4209109.97,-120.658889770508,38.0063896179199,"NAD83",-120.6588898,38.0063896,NA,"Ben Marshall","soil survey inventory","correlates to named soil",NA,0,NA,NA,NA,NA,NA,463,18,270,NA,NA,NA,NA,56,"greenstone","moderately","shoulder",NA,"linear","concave","simple","well","side slope",NA,NA,"linear / concave",2016-01-15 00:00:00,"Andrew Paolucci","correlated","Loafercreek",NA,"series","tentative","fine-loamy","alfisols","xeralfs","haploxeralfs","ultic haploxeralfs","twelfth edition",0,"xeric","thermic",NA,8,56,"most recent",NA,NA,NA,NA,NA,TRUE,TRUE,TRUE,FALSE,FALSE,FALSE,0,0,0,0,0,0,0,0,0,"hillslope","residuum","greenstone"
"81","542095","11MJE001N",550789,"11CA630MJE001N",2011-01-27,10,703310.91,4229317.17,-120.678611755371,38.1888885498047,"NAD83",-120.6786118,38.1888885,NA,"MJE","soil survey inventory","correlates to named soil",NA,0,NA,NA,NA,NA,NA,334,10,NA,NA,NA,NA,NA,60,"metavolcanics","moderately","backslope",NA,"linear","linear","complex","well","side slope",NA,NA,"linear / linear",2012-01-24 23:28:59,NA,"correlated","Loafercreek",NA,"series",NA,"fine-loamy","alfisols","xeralfs","haploxeralfs","ultic haploxeralfs","tenth edition",0,"xeric","thermic","not used",15,60,"most recent",NA,NA,NA,NA,NA,TRUE,TRUE,TRUE,FALSE,FALSE,FALSE,0,2,0,0,0,0,0,0,0,"hill","colluvium & residuum","metavolcanics"
"82","542125","09EJR011",550819,"09CA630EJR011",2009-06-24,10,722747.67,4201697.8,-120.465270996094,37.9355583190918,"NAD83",-120.465271,37.9355583,NA,"Edd Russell","soil survey inventory","correlates to named soil",NA,0,NA,NA,NA,NA,NA,398,12,200,"Blue Oak Woodland",NA,NA,NA,78,"metavolcanics","moderately","backslope",NA,"linear","concave","complex","well","nose slope",NA,NA,"linear / concave",2017-03-15 00:00:00,"Julie Baker","correlated","Loafercreek",NA,"series","established","fine-loamy","alfisols","xeralfs","haploxeralfs","ultic haploxeralfs","twelfth edition",0,"xeric","thermic",NA,11,61,"most recent",NA,NA,NA,NA,NA,TRUE,TRUE,TRUE,FALSE,FALSE,FALSE,0,0,0,0,0,0,0,0,0,"hillslope","colluvium & residuum","NA & metavolcanics"
"83","542129","09EJR003",550823,"09CA630EJR003",2009-06-09,10,722892.37,4202330.95,-120.463607788086,37.9411125183105,"NAD83",-120.4636078,37.9411125,NA,"Edd Russell","soil survey inventory","correlates to named soil",NA,0,NA,NA,NA,NA,NA,404,7,5,"Blue oak woodland",NA,NA,NA,148,"metavolcanics","strongly","backslope",NA,"linear","linear",NA,"well","side slope",NA,NA,"linear / linear",2017-04-07 00:00:00,"Julie Baker","correlated","Motherlode",NA,"series","established","fine-loamy","alfisols","xeralfs","haploxeralfs","ultic haploxeralfs","twelfth edition",0,"xeric","thermic",NA,32,82,"most recent",NA,NA,NA,NA,NA,TRUE,TRUE,TRUE,FALSE,FALSE,FALSE,0,0,0,0,0,0,0,0,0,"hillslope","colluvium & residuum","NA & metavolcanics"
"84","542130","09EJR004",550824,"09CA630EJR004",2009-06-10,10,722609.16,4202548.04,-120.466667175293,37.9433326721191,"NAD83",-120.4666672,37.9433327,NA,"Edd Russell","soil survey inventory","correlates to named soil",NA,0,NA,NA,NA,NA,NA,377,40,255,"Chaparral mixed",NA,NA,NA,70,"metavolcanics","moderately","backslope",NA,"concave","linear","complex","well","side slope",NA,NA,"concave / linear",2017-03-15 00:00:00,"Julie Baker","correlated","Loafercreek",NA,"series","established","fine-loamy","alfisols","xeralfs","haploxeralfs","ultic haploxeralfs","twelfth edition",0,"xeric","thermic",NA,13,54,"most recent",NA,NA,NA,NA,NA,TRUE,TRUE,FALSE,TRUE,FALSE,FALSE,0,0,0,1,1,0,0,0,0,NA,"colluvium & residuum","NA & metavolcanics"
"85","542131","09EJR005",550825,"09CA630EJR005",2009-06-10,10,722449.42,4202655.45,-120.468330383301,37.9441680908203,"NAD83",-120.4683304,37.9441681,NA,"Edd Russell","soil survey inventory","correlates to named soil",NA,0,NA,NA,NA,NA,NA,344,22,45,"Interior live oak chaparral",NA,NA,NA,72,"metavolcanics","strongly","shoulder",NA,"convex","convex",NA,"well","nose slope",NA,NA,"convex / convex",2018-01-18 00:00:00,NA,"correlated","Loafercreek",NA,"series",NA,"fine-loamy","alfisols","xeralfs","haploxeralfs","ultic haploxeralfs","twelfth edition",0,"xeric","thermic","not used",6,56,"most recent",NA,NA,NA,NA,NA,TRUE,TRUE,TRUE,FALSE,FALSE,FALSE,0,0,0,0,0,0,0,0,0,"hillslope","colluvium & residuum","NA & metavolcanics"
"86","542153","2012CA6303021",550847,"2012CA6303021",2012-05-08,10,697479.22,4241534.96,-120.741630554199,38.3001861572266,"NAD83",-120.7416306,38.3001862,NA,"Kristine Johnson","soil survey inventory","correlates to named soil",NA,0,NA,NA,NA,NA,NA,293,56,285,NA,NA,NA,NA,62,"metavolcanics","moderately","backslope",NA,"linear","linear","simple","well","side slope",NA,NA,"linear / linear",2018-01-18 00:00:00,"Julie Baker","correlated","Loafercreek",NA,"series","established","fine-loamy","alfisols","xeralfs","haploxeralfs","ultic haploxeralfs","twelfth edition",0,"xeric","thermic","not used",25,62,"most recent",NA,NA,NA,NA,NA,TRUE,TRUE,TRUE,FALSE,FALSE,FALSE,0,0,0,0,0,0,0,0,0,NA,"colluvium & residuum","metavolcanics"
"87","542154","2012CA6303023N",550848,"2012CA6303023N",2012-05-17,10,697682.57,4241989.54,-120.739181518555,38.3042335510254,"NAD83",-120.7391815,38.3042336,NA,"Kristine Johnson","soil survey inventory","correlates to named soil",NA,0,NA,NA,NA,NA,NA,260,NA,NA,NA,NA,NA,NA,73,"metavolcanics","moderately",NA,NA,"concave","linear","simple",NA,NA,NA,NA,"concave / linear",2012-12-03 00:00:00,"Kristine Johnson","field","Loafercreek",NA,"series","established","fine-loamy","alfisols","xeralfs","haploxeralfs","ultic haploxeralfs","eleventh edition",0,"xeric","thermic",NA,8,58,"single record","F018XI202CA","Deep Thermic Steep Hillslopes 28-35"" PZ",2016-05-17,"David Evans","least missing data",TRUE,TRUE,TRUE,FALSE,FALSE,FALSE,0,0,0,0,0,0,0,0,0,NA,"colluvium & residuum","metavolcanics"
"88","620521","11DEB019",630315,"11CA630DEB019",2011-05-03,10,695414,4230749,-120.768325805664,38.20361328125,"NAD83",-120.7683258,38.2036133,NA,"Dylan Beaudette","soil survey inventory","correlates to named soil",NA,0,NA,NA,NA,NA,NA,305,4,103,NA,NA,NA,NA,68,"metavolcanics","strongly","footslope",NA,"linear","linear","simple","moderately well","base slope",NA,NA,"linear / linear",2017-04-19 00:00:00,"Julie Baker","correlated","Loafercreek",NA,"series",NA,"fine-loamy","alfisols","xeralfs","haploxeralfs","ultic haploxeralfs","twelfth edition",0,"xeric","thermic","not used",2,52,"most recent",NA,NA,NA,NA,NA,TRUE,TRUE,TRUE,FALSE,FALSE,FALSE,0,0,0,0,0,0,0,0,0,"hill","colluvium & residuum","metavolcanics"
"89","620522","11DEB052",630316,"11CA630DEB052",2011-06-14,10,696398,4233633,-120.75611114502,38.2291679382324,"NAD83",-120.7561111,38.2291679,NA,"Dylan Beaudette","soil survey inventory","correlates to named soil",NA,0,NA,NA,NA,NA,NA,360,5,235,NA,NA,NA,NA,80,"metavolcanics","indurated","shoulder",NA,"convex","convex","simple","well",NA,NA,NA,"convex / convex",2012-02-09 17:49:23,NA,"correlated","Loafercreek",NA,"series",NA,"fine-loamy","alfisols","xeralfs","haploxeralfs","ultic haploxeralfs","tenth edition",0,"xeric","thermic","not used",3,53,"most recent",NA,NA,NA,NA,NA,TRUE,TRUE,FALSE,TRUE,FALSE,FALSE,0,2,0,0,0,0,0,0,0,"saddle & hill","residuum","metavolcanics"
"90","620523","11DEB087",630317,"11CA630DEB087",2011-09-20,10,694815,4230691,-120.774993896484,38.2030563354492,"NAD83",-120.7749939,38.2030563,NA,"Dylan Beaudette","soil survey inventory","correlates to named soil",NA,0,NA,NA,NA,NA,NA,319,15,220,NA,NA,NA,NA,57,"metavolcanics","strongly","shoulder",NA,"convex","convex","simple","well","side slope",NA,NA,"convex / convex",2019-01-15 00:00:00,"Andrew Brown","correlated","Gopheridge",NA,"series","established","loamy-skeletal","alfisols","xeralfs","haploxeralfs","ultic haploxeralfs","twelfth edition",0,"xeric","thermic","not used",15,57,"most recent",NA,NA,NA,NA,NA,TRUE,TRUE,FALSE,TRUE,FALSE,FALSE,0,0,0,0,0,0,0,0,0,"hill","colluvium & residuum","metavolcanics"
"91","625813","11CKS020",634107,"11CA630CKS020",2011-04-28,10,723298.53,4206468.54,-120.457496643066,37.9783325195312,"NAD83",-120.4574966,37.9783325,NA,"Chris Savastio","soil survey inventory","correlates to named soil",NA,0,NA,NA,NA,NA,NA,374,55,335,NA,NA,NA,NA,91,"metavolcanics","moderately","backslope",NA,"convex","linear","simple","well","nose slope",NA,NA,"convex / linear",2018-01-18 00:00:00,NA,"correlated","Loafercreek",NA,"series",NA,"fine-loamy","alfisols","xeralfs","haploxeralfs","ultic haploxeralfs","twelfth edition",0,"xeric","thermic","not used",14,64,"most recent",NA,NA,NA,NA,NA,TRUE,TRUE,TRUE,FALSE,FALSE,FALSE,0,0,0,1,1,0,0,0,0,"hillslope","colluvium & residuum","metavolcanics"
"92","625821","11CKS028",634115,"11CA630CKS028",2011-05-05,10,723836.43,4200417.01,-120.453330993652,37.923885345459,"NAD83",-120.453331,37.9238853,NA,"Chris Savastio","soil survey inventory","correlates to named soil",NA,0,NA,NA,NA,NA,NA,429,10,205,NA,NA,NA,NA,72,"metavolcanics","moderately","backslope",NA,"linear","linear","simple","well","side slope",NA,NA,"linear / linear",2012-01-23 21:58:47,NA,"correlated","Loafercreek",NA,"series",NA,"fine-loamy","alfisols","xeralfs","haploxeralfs","ultic haploxeralfs","tenth edition",0,"xeric","thermic","not used",13,63,"most recent","F018XI201CA","Moderately Deep Thermic Foothills 22-31"" PZ",2016-05-17,"David Evans","least missing data",TRUE,TRUE,TRUE,FALSE,FALSE,FALSE,0,0,0,0,1,0,0,0,0,"hill","colluvium & residuum","metavolcanics"
"93","640607","11KWJ023",646301,"11CA630KWJ023",2011-06-07,10,706054.15,4222779.47,-120.64916229248,38.1294441223145,"NAD83",-120.6491623,38.1294441,NA,"Kristine Win Johnson","soil survey inventory","correlates to named soil",NA,0,NA,NA,NA,NA,NA,318,22,48,NA,NA,NA,NA,54,"metavolcanics","strongly","backslope",NA,"linear","linear","simple","well","side slope",NA,NA,"linear / linear",2012-01-12 19:53:46,NA,"correlated","Loafercreek",NA,"series",NA,"fine-loamy","alfisols","xeralfs","haploxeralfs","ultic haploxeralfs","tenth edition",0,"xeric","thermic","not used",6,54,"most recent","F018XI201CA","Moderately Deep Thermic Foothills 22-31"" PZ",2016-05-17,"David Evans","least missing data",TRUE,TRUE,TRUE,FALSE,FALSE,FALSE,0,0,0,0,0,0,0,0,0,"hill","colluvium & residuum","metavolcanics"
"94","640610","11KWJ026",646304,"11CA630KWJ026",2011-06-08,10,708340.67,4223321.09,-120.622779846191,38.1336097717285,"NAD83",-120.6227798,38.1336098,NA,"Kristine Win Johnson","soil survey inventory","correlates to named soil",NA,0,NA,NA,NA,NA,NA,337,28,28,NA,NA,NA,NA,89,"metavolcanics","indurated","backslope",NA,"convex","linear","complex","well","side slope",NA,NA,"convex / linear",2012-01-12 00:00:00,NA,"correlated","Loafercreek",NA,"series",NA,"fine-loamy","alfisols","xeralfs","haploxeralfs","ultic haploxeralfs","tenth edition",0,"xeric","thermic","not used",5,55,"most recent","F018XI201CA","Moderately Deep Thermic Foothills 22-31"" PZ",2016-05-17,"David Evans","least missing data",TRUE,TRUE,FALSE,TRUE,FALSE,FALSE,0,10,0,0,0,0,0,0,0,"hill","colluvium & residuum","metavolcanics"
"95","640616","11KWJ048",646310,"11CA630KWJ048",2011-11-09,10,701481.96,4225780.62,-120.700271606445,38.1575012207031,"NAD83",-120.7002716,38.1575012,NA,"Kristine Win Johnson","soil survey inventory","correlates to named soil",NA,0,NA,NA,NA,NA,NA,721,40,25,NA,NA,NA,NA,NA,NA,NA,"backslope",NA,NA,NA,NA,"well",NA,"mountainflank",NA,NA,2019-01-15 00:00:00,"Andrew Brown","correlated","Loafercreek",NA,"series",NA,"fine-loamy","alfisols","xeralfs","haploxeralfs","ultic haploxeralfs","twelfth edition",0,NA,"thermic",NA,22,72,"most recent",NA,NA,NA,NA,NA,TRUE,TRUE,TRUE,FALSE,FALSE,FALSE,0,0,0,0,0,0,0,0,0,"mountain","colluvium & residuum","metavolcanics"
"96","640625","11KWJ030",646319,"11CA630KWJ030",2011-06-17,10,699481.1,4222653.79,-120.724166870117,38.1297187805176,"NAD83",-120.7241669,38.1297188,NA,"Kristine Win Johnson","soil survey inventory","representative pedon for component",NA,0,NA,NA,NA,NA,NA,688,29,230,NA,NA,NA,NA,52,"metavolcanics","moderately","backslope",NA,"linear","linear","complex","well","side slope",NA,NA,"linear / linear",2012-02-03 00:00:00,NA,"correlated","Loafercreek",NA,"series",NA,"fine-loamy","alfisols","xeralfs","haploxeralfs","ultic haploxeralfs","twelfth edition",0,"xeric","thermic","not used",3,52,"most recent","F018XI201CA","Moderately Deep Thermic Foothills 22-31"" PZ",2016-05-17,"David Evans","least missing data",TRUE,TRUE,TRUE,FALSE,FALSE,FALSE,0,0,0,0,0,0,0,0,0,"hill","colluvium & residuum","metavolcanics"
"97","640629","wanty003-sk",646323,"wanty003-sk",2007-03-07,10,723472.08,4182351.82,-120.463050842285,37.7611122131348,"NAD83",-120.4630556,37.7611111,NA,"Stacy Kavanaugh","soil survey inventory","correlates to named soil",NA,0,NA,NA,NA,NA,NA,320,14,287,NA,NA,NA,NA,NA,"greenstone","moderately","footslope",NA,"concave","concave",NA,"well",NA,NA,NA,"concave / concave",2015-12-30 00:00:00,"Andrew Paolucci","correlated","Loafercreek",NA,"series","established","fine-loamy","alfisols","xeralfs","haploxeralfs","ultic haploxeralfs","twelfth edition",0,"xeric","thermic",NA,33,71,"most recent",NA,NA,NA,NA,NA,TRUE,TRUE,TRUE,FALSE,TRUE,FALSE,0,0,0,0,0,0,0,0,0,"hill","residuum","greenstone"
"98","640630","wanty004-sk",646324,"wanty004-sk",2007-03-07,10,723383.34,4182428.16,-120.464164733887,37.7619438171387,"NAD83",-120.4641667,37.7619444,NA,"Stacy Kavanaugh","soil survey inventory","correlates to named soil",NA,0,NA,NA,NA,NA,NA,328,20,157,NA,NA,NA,NA,NA,"greenstone","moderately","backslope",NA,"convex","convex",NA,"well",NA,NA,NA,"convex / convex",2015-12-30 00:00:00,"Andrew Paolucci","correlated","Loafercreek",NA,"series","established","fine-loamy","alfisols","xeralfs","haploxeralfs","ultic haploxeralfs","twelfth edition",0,"xeric","thermic",NA,8,58,"most recent",NA,NA,NA,NA,NA,TRUE,TRUE,TRUE,FALSE,FALSE,FALSE,0,0,0,0,0,0,0,0,0,"hill","residuum","greenstone"
"99","640647","JAD 357 67-5-21X",646341,"JAD 357 67-5-21X",1967-05-02,10,699143.27,4201560.87,-120.73388671875,37.9397239685059,"NAD83",-120.7338889,37.9397222,NA,"James DeLapp","full pedon description",NA,NA,0,NA,NA,NA,NA,NA,242,NA,NA,NA,NA,NA,NA,NA,"greenstone","moderately",NA,NA,NA,NA,NA,NA,NA,NA,NA,NA,2012-02-06 21:44:02,NA,"correlated","Loafercreek",NA,NA,NA,NA,NA,NA,NA,NA,NA,0,"xeric","thermic",NA,NA,NA,"most recent",NA,NA,NA,NA,NA,NA,NA,NA,NA,NA,NA,0,0,0,0,0,0,0,0,0,NA,NA,NA
"100","64505","716Q",64683,"716Q",1999-08-04,10,633987,4375530,-121.441246032715,39.5189666748047,"NAD83",-121.4412472,39.5189667,NA,"DWB","full pedon description","OSD pedon","01N0266",0,NA,NA,NA,NA,NA,365,18,290,NA,NA,NA,NA,107,"metavolcanics",NA,NA,NA,NA,NA,NA,"well",NA,NA,NA,NA,2012-07-24 00:02:15,NA,"correlated","LOAFERCREEK",NA,"series",NA,"fine-loamy","alfisols","xeralfs","haploxeralfs","ultic haploxeralfs","eighth edition",0,"xeric","thermic","not used",15,66,"most recent",NA,NA,NA,NA,NA,TRUE,TRUE,TRUE,TRUE,FALSE,FALSE,0,5,2,2,0,0,0,0,0,NA,"residuum","metavolcanics"
"101","839192","2012CA6302033",856086,"2012CA6302033",2012-05-15,NA,NA,NA,NA,NA,NA,-120.7687229,38.0098153,NA,"Ben Marshall","soil survey inventory","correlates to named soil",NA,0,NA,NA,NA,NA,NA,370,34,312,NA,NA,NA,NA,75,"metavolcanics","moderately","backslope",NA,"convex","convex","complex","well","side slope",NA,NA,"convex / convex",2013-01-28 00:00:00,NA,"sampled as","Loafercreek",NA,"series","established","fine-loamy","alfisols","xeralfs","haploxeralfs","ultic haploxeralfs","eleventh edition",0,"xeric","thermic",NA,5,55,"single record","F018XI200CA","Low Elevation Foothills 18-25"" PZ",2016-05-17,"David Evans","least missing data",TRUE,TRUE,TRUE,FALSE,FALSE,FALSE,0,3,0,1,0,0,0,0,0,"hill","colluvium & residuum","metavolcanics"
"102","839203","2012CA6302046",856097,"2012CA6302046",2012-06-19,NA,NA,NA,NA,NA,NA,-120.8555441,38.1052204,NA,"Ben Marshall","soil survey inventory","correlates to named soil",NA,0,NA,NA,NA,NA,NA,148,30,5,NA,NA,NA,NA,85,"metavolcanics","indurated","backslope",NA,"convex","convex","complex","well","side slope",NA,NA,"convex / convex",2013-01-30 00:00:00,NA,"sampled as","Loafercreek",NA,"series","established","fine-loamy","alfisols","xeralfs","haploxeralfs","ultic haploxeralfs","eleventh edition",0,"xeric","thermic",NA,8,60,"single record",NA,NA,NA,NA,NA,TRUE,TRUE,TRUE,TRUE,FALSE,FALSE,0,0,0,0,0,0,0,0,0,"hill","colluvium & residuum","metavolcanics"
"103","894094","2013CA6303021",911988,"2013CA6303021",2013-04-16,10,706027.01,4195229.01,-120.657318115234,37.8812713623047,"NAD83",-120.6573138,37.881271,NA,"Ben Marshall","soil survey inventory","correlates to named soil",NA,0,NA,NA,NA,NA,NA,282.600006103516,11,274,NA,NA,NA,NA,80,"metavolcanics","moderately","footslope",NA,NA,NA,"simple","well","side slope",NA,NA,NA,2016-01-14 00:00:00,"Andrew Paolucci","correlated","Loafercreek",NA,"series","established","fine-loamy","alfisols","xeralfs","haploxeralfs","ultic haploxeralfs","twelfth edition",0,"xeric","thermic",NA,4,54,"most recent",NA,NA,NA,NA,NA,TRUE,TRUE,TRUE,FALSE,FALSE,FALSE,0,2,0,0,0,0,0,0,0,"hill","colluvium & residuum","metavolcanics"
"104","894095","2013CA6303013",911989,"2013CA6303013",2013-03-27,10,705430.6,4193287.95,-120.664642333984,37.8639221191406,"NAD83",-120.6646425,37.8639253,NA,"Meghan Euliano","soil survey inventory","correlates to named soil",NA,0,NA,NA,NA,NA,NA,233,25,209,NA,NA,NA,NA,52,"metavolcanics","moderately","backslope",NA,"convex","linear","complex","well","side slope",NA,NA,"convex / linear",2014-08-27 00:00:00,"Andrew Paolucci","correlated","Loafercreek",NA,"series","established","fine-loamy","alfisols","xeralfs","haploxeralfs","ultic haploxeralfs","twelfth edition",0,"xeric","thermic",NA,15,53,"most recent",NA,NA,NA,NA,NA,TRUE,TRUE,TRUE,FALSE,TRUE,FALSE,0,2,0,0,0,0,0,0,0,"hill","residuum","metavolcanics"
"105","894118","2013CA6302026",912012,"2013CA6302026",2013-04-11,10,693801,4205778,-120.793395996094,37.9789428710938,"WGS84",-120.7933972,37.9789417,NA,"BJM and MJE","soil survey inventory",NA,NA,0,NA,NA,NA,NA,NA,135,8,266,NA,NA,NA,NA,59,"metavolcanics","moderately","footslope",NA,"convex","linear","complex","well","nose slope",NA,NA,"convex / linear",2014-08-25 00:00:00,"Andrew Paolucci","field","Loafercreek",NA,"series",NA,"fine-loamy","alfisols","xeralfs","haploxeralfs","ultic haploxeralfs","twelfth edition",0,"xeric","thermic","not used",5,55,"single record",NA,NA,NA,NA,NA,TRUE,TRUE,TRUE,FALSE,FALSE,FALSE,0,0,0,0,0,0,0,0,0,NA,"colluvium & residuum","metavolcanics"
"106","894145","2013CA6303041",912046,"2013CA6303041",2013-07-23,10,692219,4236128,-120.80322265625,38.252613067627,"WGS84",-120.8032194,38.2526139,NA,"DEB","soil survey inventory","taxadjunct to the series",NA,0,NA,NA,NA,NA,NA,304,8,190,NA,NA,NA,NA,60,"metavolcanics","indurated","backslope",NA,"convex","linear","simple","well","side slope",NA,NA,"convex / linear",2014-08-29 00:00:00,"Andrew Paolucci","field","Loafercreek",NA,"taxadjunct",NA,"fine-loamy","alfisols","xeralfs","haploxeralfs","mollic haploxeralfs","twelfth edition",0,"xeric","thermic",NA,20,60,"single record",NA,NA,NA,NA,NA,TRUE,TRUE,FALSE,TRUE,FALSE,FALSE,0,1,1,0,1,0,0,0,0,"hill","colluvium & residuum","metavolcanics"
